panel,condition,x,estimate
Key-to-Door seed 42,raw_summary,-12.270996483159603,21.318638815868105
Key-to-Door seed 42,raw_summary,-4.751376133645917,7.855117488819809
Key-to-Door seed 42,raw_summary,6.120140986366882,-1.4061070717725694
Key-to-Door seed 42,raw_summary,-9.721871858993854,5.28311591998333
Key-to-Door seed 42,raw_summary,-3.555678295376996,2.9813926242693913
Key-to-Door seed 42,raw_summary,-1.8510953390700424,5.254330364041882
Key-to-Door seed 42,raw_summary,-9.62663338273257,8.454823349520105
Key-to-Door seed 42,raw_summary,-14.408443705484014,7.11325661898753
Key-to-Door seed 42,raw_summary,-9.651335858734496,7.104568513836902
Key-to-Door seed 42,raw_summary,22.17478998599258,-17.194272495558536
Key-to-Door seed 42,raw_summary,-6.71510591924541,-3.2643752787129365
Key-to-Door seed 42,raw_summary,16.405158998720758,-13.31877359653067
Key-to-Door seed 42,raw_summary,16.01098714710691,-14.076709673286594
Key-to-Door seed 42,raw_summary,-23.859076777065553,8.588021695157927
Key-to-Door seed 42,raw_summary,-4.533745049921146,-5.161178615949658
Key-to-Door seed 42,raw_summary,-19.667276700489694,4.834438174756608
Key-to-Door seed 42,raw_summary,-26.7595144238383,6.743068924876291
Key-to-Door seed 42,raw_summary,5.7458246255583,-11.909466219539999
Key-to-Door seed 42,raw_summary,-18.632227234690696,-2.926981698904235
Key-to-Door seed 42,raw_summary,-3.9176362478614815,-5.645323312589816
Key-to-Door seed 42,raw_summary,16.181234152796243,-11.86942486477817
Key-to-Door seed 42,raw_summary,-17.449648002093927,10.865685528998249
Key-to-Door seed 42,raw_summary,-8.30386759025113,7.392071512402855
Key-to-Door seed 42,raw_summary,-7.285664757986057,6.051651114422814
Key-to-Door seed 42,raw_summary,0.8801955363277455,13.939760058210982
Key-to-Door seed 42,raw_summary,10.851255835422668,-14.329472859608472
Key-to-Door seed 42,raw_summary,-11.585213712339835,13.282799381802498
Key-to-Door seed 42,raw_summary,-10.277099250492654,9.715898845970376
Key-to-Door seed 42,raw_summary,17.02376616529613,-9.083982526633918
Key-to-Door seed 42,raw_summary,31.770779390704018,-11.637966854434147
Key-to-Door seed 42,raw_summary,-16.86684482885608,3.423460716072389
Key-to-Door seed 42,raw_summary,24.1093017701715,-21.695571271557082
Key-to-Door seed 42,raw_summary,0.9766621952679801,10.280056489645384
Key-to-Door seed 42,raw_summary,10.73454582871448,-9.94249919562477
Key-to-Door seed 42,raw_summary,17.954053461070462,-1.7628543428083276
Key-to-Door seed 42,raw_summary,-10.617550896755345,-3.62679547053781
Key-to-Door seed 42,raw_summary,-2.234038649296488,-4.546693920777898
Key-to-Door seed 42,raw_summary,-7.4492635962763805,4.598200279807076
Key-to-Door seed 42,raw_summary,-19.059049976742834,15.290988304019676
Key-to-Door seed 42,raw_summary,8.864269796834083,-7.076331658606081
Key-to-Door seed 42,raw_summary,32.233307725227306,-12.13497498624944
Key-to-Door seed 42,raw_summary,3.952045156261952,-1.9412248290265604
Key-to-Door seed 42,raw_summary,-3.294436302514817,-0.820994048468918
Key-to-Door seed 42,raw_summary,-3.3635891441715637,5.314951832841239
Key-to-Door seed 42,raw_summary,-17.32070234803653,11.274321992937438
Key-to-Door seed 42,raw_summary,-0.2557808537267196,-11.268208299592315
Key-to-Door seed 42,raw_summary,-4.0039885191106706,-5.797944182931981
Key-to-Door seed 42,raw_summary,-1.8510953390700424,5.254330364041882
Key-to-Door seed 42,raw_summary,-7.058365952768254,0.1714684914841177
Key-to-Door seed 42,raw_summary,33.80935072789531,-10.576587495372582
Key-to-Door seed 42,raw_summary,-0.007080878901093018,6.658238421011526
Key-to-Door seed 42,raw_summary,-12.724076115698605,11.160082333011525
Key-to-Door seed 42,raw_summary,-3.5383687287023506,7.115635637188016
Key-to-Door seed 42,raw_summary,-14.253191789427284,11.288599998020544
Key-to-Door seed 42,raw_summary,-14.138269946759765,10.824479189313566
Key-to-Door seed 42,raw_summary,-11.363790906899986,16.78047689660633
Key-to-Door seed 42,raw_summary,1.3526259077040508,5.246828809218108
Key-to-Door seed 42,raw_summary,19.465147431022643,-15.420598730482329
Key-to-Door seed 42,raw_summary,8.565652828596923,-9.532101769465726
Key-to-Door seed 42,raw_summary,-4.918769082503667,2.5090816800735354
Key-to-Door seed 42,raw_summary,5.247067503609735,0.12480509474601101
Key-to-Door seed 42,raw_summary,14.055870400716474,-11.359768494477443
Key-to-Door seed 42,raw_summary,31.59515157429202,-13.175255705980613
Key-to-Door seed 42,raw_summary,1.2925412897116413,-10.53733296633761
Key-to-Door seed 42,raw_summary,31.3947021127127,-13.670322857293783
Key-to-Door seed 42,raw_summary,-8.811505730414439,10.402769923445536
Key-to-Door seed 42,raw_summary,-2.1295166571020276,-2.5378274089680213
Key-to-Door seed 42,raw_summary,1.2383428525854159,-3.04260964572969
Key-to-Door seed 42,raw_summary,-6.013461209057277,0.6114119085932037
Key-to-Door seed 42,raw_summary,6.074889175357304,-5.30201519325129
Key-to-Door seed 42,raw_summary,-7.004006420435243,5.151045890907476
Key-to-Door seed 42,raw_summary,33.16152469376797,-14.736464832825481
Key-to-Door seed 42,raw_summary,8.82383734516872,-1.0949111682836339
Key-to-Door seed 42,raw_summary,-2.971902805115496,2.1609741907099673
Key-to-Door seed 42,raw_summary,-3.2286139524519193,-8.19188477119243
Key-to-Door seed 42,raw_summary,-6.387659241107866,-3.045520916086777
Key-to-Door seed 42,raw_summary,-13.357470474323225,10.051100586513346
Key-to-Door seed 42,raw_summary,-12.780076724428353,13.256031140923728
Key-to-Door seed 42,raw_summary,7.940981611135309,-2.7653411723541206
Key-to-Door seed 42,raw_summary,-20.6804355370511,12.198456957432631
Key-to-Door seed 42,raw_summary,-4.009097071442984,4.648062427615643
Key-to-Door seed 42,raw_summary,-4.5607421381919195,5.774541812531089
Key-to-Door seed 42,raw_summary,-33.03210185849484,11.948922723794931
Key-to-Door seed 42,raw_summary,-0.14796165610017076,-4.5682149792685856
Key-to-Door seed 42,raw_summary,19.052057571612156,-15.71697375293933
Key-to-Door seed 42,raw_summary,17.093847525083138,-10.668558916134945
Key-to-Door seed 42,raw_summary,-4.065333969960989,4.965719015000515
Key-to-Door seed 42,raw_summary,-4.738551848799309,0.4449625755637565
Key-to-Door seed 42,raw_summary,10.131668860544139,13.676868078096732
Key-to-Door seed 42,raw_summary,10.205650010683271,3.599129629130502
Key-to-Door seed 42,raw_summary,-13.336301089180512,13.56947035108913
Key-to-Door seed 42,raw_summary,-5.259482079711595,1.6511908250124048
Key-to-Door seed 42,raw_summary,5.907942446108477,1.5053637842363954
Key-to-Door seed 42,raw_summary,-9.18543477614725,10.845211960513657
Key-to-Door seed 42,raw_summary,29.279981180736634,-7.342139149414968
Key-to-Door seed 42,raw_summary,31.933887246360868,-19.96518881917627
Key-to-Door seed 42,raw_summary,-33.198099024218806,9.838022224069906
Key-to-Door seed 42,raw_summary,25.034587915664158,-12.209672865574136
Key-to-Door seed 42,raw_summary,11.250356046056766,-1.5515211888477993
Key-to-Door seed 42,raw_summary,7.433919969405092,-3.5174718733805053
Key-to-Door seed 42,raw_summary,-2.2808701685859605,5.450691698263714
Key-to-Door seed 42,raw_summary,-1.6440847383964403,-2.398881221285631
Key-to-Door seed 42,raw_summary,27.079722553333454,-14.977424035186322
Key-to-Door seed 42,raw_summary,10.628024266429657,-2.998623974391049
Key-to-Door seed 42,raw_summary,-3.224450936023702,4.57792278041455
Key-to-Door seed 42,raw_summary,-27.609613728371205,6.45923534105646
Key-to-Door seed 42,raw_summary,21.28808822119226,-5.718689505978695
Key-to-Door seed 42,raw_summary,3.67236955414942,1.512784764820104
Key-to-Door seed 42,raw_summary,10.513018906102625,-11.58494218907057
Key-to-Door seed 42,raw_summary,14.050629085553744,-10.862693129828857
Key-to-Door seed 42,raw_summary,-3.6460612426977135,4.257880974723667
Key-to-Door seed 42,raw_summary,-23.267160020564756,11.503927486622626
Key-to-Door seed 42,raw_summary,16.18285074528964,-8.434307836381466
Key-to-Door seed 42,raw_summary,-5.225289927591867,-0.2695905686254227
Key-to-Door seed 42,raw_summary,0.6602400497898916,8.413089634653385
Key-to-Door seed 42,raw_summary,3.0169033987067433,-5.292029351592406
Key-to-Door seed 42,raw_summary,-2.151803575822604,9.497033306938267
Key-to-Door seed 42,raw_summary,-17.64192130504199,8.458017341880641
Key-to-Door seed 42,raw_summary,-5.267548041545041,-2.1627091362871176
Key-to-Door seed 42,raw_summary,-1.5880167467038793,0.6774323240343347
Key-to-Door seed 42,raw_summary,3.71455121236161,-5.026908311912946
Key-to-Door seed 42,raw_summary,-37.36840052173879,11.203073378443637
Key-to-Door seed 42,raw_summary,1.2539571261934577,-5.049571910202701
Key-to-Door seed 42,raw_summary,-31.872860219406903,17.68952215418265
Key-to-Door seed 42,raw_summary,16.197486513042726,-8.101895963401814
Key-to-Door seed 42,raw_summary,9.101881083222825,-2.767126714451394
Key-to-Door seed 42,raw_summary,11.975430541509521,3.055882060235552
Key-to-Door seed 42,raw_summary,-11.305405269346064,8.417699002360344
Key-to-Door seed 42,raw_summary,-22.544339987986007,5.364508364096397
Key-to-Door seed 42,raw_summary,-4.751376133645917,7.855117488819809
Key-to-Door seed 42,raw_summary,-31.379183016323623,16.325891855316772
Key-to-Door seed 42,raw_summary,-1.52958863317398,7.667628166862549
Key-to-Door seed 42,raw_summary,0.031094132371685734,8.158380868929004
Key-to-Door seed 42,raw_summary,24.979963565551714,2.7818804868734626
Key-to-Door seed 42,raw_summary,-4.485683960059083,10.181908784040976
Key-to-Door seed 42,raw_summary,17.05559533185463,-19.6876043095708
Key-to-Door seed 42,raw_summary,-3.230855898441895,4.639443146438607
Key-to-Door seed 42,raw_summary,-6.981859053362898,3.142650496378456
Key-to-Door seed 42,raw_summary,29.494109681722836,-8.062474228395008
Key-to-Door seed 42,raw_summary,-1.292868351626901,10.150179251055755
Key-to-Door seed 42,raw_summary,-0.6919907456622846,3.2110270920967845
Key-to-Door seed 42,raw_summary,14.278024392955206,-17.433390445368467
Key-to-Door seed 42,raw_summary,25.346110028229745,-20.986357751557367
Key-to-Door seed 42,raw_summary,4.189287422338904,-2.2158658540066885
Key-to-Door seed 42,raw_summary,1.3028109957944294,7.786102412118083
Key-to-Door seed 42,raw_summary,21.954351658147228,-3.1072611882359
Key-to-Door seed 42,raw_summary,27.479628127158925,-13.392962646583204
Key-to-Door seed 42,raw_summary,4.029525072840485,2.7621828754980062
Key-to-Door seed 42,raw_summary,4.608503812932392,-3.503178979009561
Key-to-Door seed 42,raw_summary,16.775598737134192,-10.539726633115977
Key-to-Door seed 42,raw_summary,-16.527413452823264,2.7778649103408375
Key-to-Door seed 42,raw_summary,-3.3635891441715637,5.314951832841239
Key-to-Door seed 42,raw_summary,-12.718399365129047,3.2187594807347297
Key-to-Door seed 42,raw_summary,-4.613198731640482,4.09957514105345
Key-to-Door seed 42,raw_summary,3.5974749534030606,-2.6007048653856883
Key-to-Door seed 42,raw_summary,16.855851897607565,-18.67973565796104
Key-to-Door seed 42,raw_summary,-7.716559358614035,7.315739385344873
Key-to-Door seed 42,raw_summary,-14.00528173895342,7.059336466731613
Key-to-Door seed 42,raw_summary,-8.843188314781303,3.6911833418911173
Key-to-Door seed 42,raw_summary,16.462134441543427,-10.460607951345704
Key-to-Door seed 42,raw_summary,16.69343435984514,-16.565637959915463
Key-to-Door seed 42,raw_summary,22.11055627633421,-8.170412476444282
Key-to-Door seed 42,raw_summary,15.626468406208456,-10.992981260612328
Key-to-Door seed 42,raw_summary,-13.900244598514616,16.783007741978782
Key-to-Door seed 42,raw_summary,-6.490089099716485,4.683069081449611
Key-to-Door seed 42,raw_summary,-22.65723044879919,7.359635535014014
Key-to-Door seed 42,raw_summary,10.864376607952842,-12.024122019839087
Key-to-Door seed 42,raw_summary,6.629012416540739,-8.014467761602983
Key-to-Door seed 42,raw_summary,-10.377737223437702,3.537186196086669
Key-to-Door seed 42,raw_summary,-7.374908019915554,4.37060112427013
Key-to-Door seed 42,raw_summary,2.4333444868994993,0.9626908692177979
Key-to-Door seed 42,raw_summary,19.313416321682364,-10.156466628910295
Key-to-Door seed 42,raw_summary,8.99549358610514,-9.057710875633989
Key-to-Door seed 42,raw_summary,11.92964749890967,2.8615976120410482
Key-to-Door seed 42,raw_summary,-0.12037527644836646,-0.2747059332817068
Key-to-Door seed 42,raw_summary,-5.259482079711595,1.6511908250124048
Key-to-Door seed 42,raw_summary,8.954020192576543,-4.313603444799863
Key-to-Door seed 42,raw_summary,22.41939014926903,-11.19634074198986
Key-to-Door seed 42,raw_summary,-10.749582338760767,3.3261849296659087
Key-to-Door seed 42,raw_summary,-13.233069872017785,-5.206536716799506
Key-to-Door seed 42,raw_summary,21.897736546964186,-17.279385622824137
Key-to-Door seed 42,raw_summary,3.47980275021471,-0.7031238964200082
Key-to-Door seed 42,raw_summary,14.29332601672095,-20.96456944729046
Key-to-Door seed 42,raw_summary,-24.93946389240102,12.17772564411167
Key-to-Door seed 42,raw_summary,-26.357162681638258,4.656799501532971
Key-to-Door seed 42,raw_summary,-4.91532243130307,-8.833698447398877
Key-to-Door seed 42,raw_summary,-2.875464726376946,1.4593667644388777
Key-to-Door seed 42,raw_summary,26.22649705477261,-13.23096630009349
Key-to-Door seed 42,raw_summary,13.768285254828886,-15.56837085133207
Key-to-Door seed 42,raw_summary,7.507335475780129,-8.349709015524564
Key-to-Door seed 42,raw_summary,-4.308325080807492,3.5330371417203548
Key-to-Door seed 42,raw_summary,-14.010362612028672,-3.4138726965907717
Key-to-Door seed 42,raw_summary,16.714161611591628,7.210892702632121
Key-to-Door seed 42,raw_summary,11.218930870024156,-10.43686305518321
Key-to-Door seed 42,raw_summary,-12.46299567635714,4.460471002381996
Key-to-Door seed 42,raw_summary,-27.50651662749073,14.052067243035532
Key-to-Door seed 42,raw_summary,-2.2231979977946006,3.713371098540472
Key-to-Door seed 42,raw_summary,-8.31839795804468,5.040810500515899
Key-to-Door seed 42,raw_summary,-8.860384546687566,-2.1697356921831292
Key-to-Door seed 42,raw_summary,-28.12212229099037,17.02728620292166
Key-to-Door seed 42,raw_summary,-22.838281465871457,-0.45901786150487006
Key-to-Door seed 42,raw_summary,16.44795313298939,-7.469766944554867
Key-to-Door seed 42,raw_summary,-10.7433742381896,-3.023545278572697
Key-to-Door seed 42,raw_summary,-0.594048603815822,-0.3019952370889429
Key-to-Door seed 42,raw_summary,20.638691500872138,-3.931143500096082
Key-to-Door seed 42,raw_summary,7.6261483947346544,-6.782424189588215
Key-to-Door seed 42,raw_summary,19.21821390150763,-13.079238201629813
Key-to-Door seed 42,raw_summary,-5.998158942845318,2.776484215899656
Key-to-Door seed 42,raw_summary,-3.196228451147853,5.891874863506134
Key-to-Door seed 42,raw_summary,30.63422451155889,-9.059050092397904
Key-to-Door seed 42,raw_summary,-7.064533635609203,-3.973419570586951
Key-to-Door seed 42,raw_summary,2.8020518399006633,2.6325463437529115
Key-to-Door seed 42,raw_summary,-7.741296853835557,0.8702468635767174
Key-to-Door seed 42,raw_summary,16.030805359414416,-5.665992310481676
Key-to-Door seed 42,raw_summary,-2.5906054753717167,-10.569420517566215
Key-to-Door seed 42,raw_summary,6.444796409059103,-7.60827281893369
Key-to-Door seed 42,raw_summary,16.427567235869482,13.659845130985172
Key-to-Door seed 42,raw_summary,-24.265652545313735,12.650226886748252
Key-to-Door seed 42,raw_summary,-9.367284341896264,12.185852360614927
Key-to-Door seed 42,raw_summary,12.543294465194677,-6.26572012538689
Key-to-Door seed 42,raw_summary,21.449627671399952,-6.510091644051454
Key-to-Door seed 42,raw_summary,-11.132537359542974,8.550025619844662
Key-to-Door seed 42,raw_summary,11.71202184459075,-7.010249553864211
Key-to-Door seed 42,raw_summary,21.761259616143203,-7.379854564383909
Key-to-Door seed 42,raw_summary,5.927477667634036,6.923546459242809
Key-to-Door seed 42,raw_summary,-8.502051973841203,13.189987633968943
Key-to-Door seed 42,raw_summary,-6.39397344241036,-0.31419883226870116
Key-to-Door seed 42,raw_summary,-28.888150693235154,1.8551315059969833
Key-to-Door seed 42,raw_summary,-18.98105404649378,16.279334303124916
Key-to-Door seed 42,raw_summary,28.52023849831854,0.23674083403866167
Key-to-Door seed 42,raw_summary,-30.84452935939023,16.098154478065247
Key-to-Door seed 42,raw_summary,-20.06064253373629,2.101714366126387
Key-to-Door seed 42,raw_summary,-1.292868351626901,10.150179251055755
Key-to-Door seed 42,raw_summary,-2.9762312209216297,0.41309289197592086
Key-to-Door seed 42,raw_summary,17.10090149676777,-14.005655824007857
Key-to-Door seed 42,raw_summary,-20.375842968727675,7.781146880887155
Key-to-Door seed 42,raw_summary,29.38478846892464,-18.745031622365573
Key-to-Door seed 42,raw_summary,17.9324287838107,-17.1452389455212
Key-to-Door seed 42,raw_summary,6.155173859749111,-4.624287672420545
Key-to-Door seed 42,raw_summary,14.467849404190773,-14.888175350716129
Key-to-Door seed 42,raw_summary,28.93551264565971,-5.622645777938548
Key-to-Door seed 42,raw_summary,-20.936289294595383,10.575878763330074
Key-to-Door seed 42,raw_summary,-20.976217236303423,11.36954541757
Key-to-Door seed 42,raw_summary,1.09782894145475,-4.8580892987414295
Key-to-Door seed 42,raw_summary,26.537874186791335,-16.487785868383398
Key-to-Door seed 42,raw_summary,21.738209661199157,-7.107229532981323
Key-to-Door seed 42,raw_summary,23.068390405419063,-3.4244917105083754
Key-to-Door seed 42,raw_summary,0.812212800760594,-12.18512692912024
Key-to-Door seed 42,raw_summary,0.19642815501087404,-1.8910689747120413
Key-to-Door seed 42,raw_summary,-3.5031188106064484,1.125179540248518
Key-to-Door seed 42,raw_summary,20.394210805254435,-18.94571542884821
Key-to-Door seed 42,raw_summary,-4.751376133645917,7.855117488819809
Key-to-Door seed 42,raw_summary,-21.305757212916134,5.401000117758263
Key-to-Door seed 42,raw_summary,-21.42467989883583,5.826357495011595
Key-to-Door seed 42,raw_summary,30.297654767970748,2.4999238002564406
Key-to-Door seed 42,raw_summary,-2.2808701685859605,5.450691698263714
Key-to-Door seed 100,raw_summary,-1.2894129275901105,13.476375230213536
Key-to-Door seed 100,raw_summary,-4.160584746215042,-6.903247508167967
Key-to-Door seed 100,raw_summary,5.737677708579156,-15.638458030293233
Key-to-Door seed 100,raw_summary,6.426332138386272,6.554574174071044
Key-to-Door seed 100,raw_summary,13.484296355849576,1.1069277154349821
Key-to-Door seed 100,raw_summary,-2.8522917725876598,-27.78365814185049
Key-to-Door seed 100,raw_summary,-1.7516332571082618,-1.8685186855607863
Key-to-Door seed 100,raw_summary,6.986642335805919,19.66645610380978
Key-to-Door seed 100,raw_summary,-0.7914682033696587,-2.178704934872545
Key-to-Door seed 100,raw_summary,2.861017356388338,-27.597287105666098
Key-to-Door seed 100,raw_summary,-1.5507945227876605,6.4703390536711005
Key-to-Door seed 100,raw_summary,8.919803682633043,1.2022785107727325
Key-to-Door seed 100,raw_summary,-3.710375694603197,-26.858568622281393
Key-to-Door seed 100,raw_summary,0.2584820344787778,14.461671820932374
Key-to-Door seed 100,raw_summary,0.3398663995402842,-8.440089398776077
Key-to-Door seed 100,raw_summary,-2.548551278858916,23.939862869723388
Key-to-Door seed 100,raw_summary,0.34446093154648794,19.787986604722853
Key-to-Door seed 100,raw_summary,4.145356274260397,4.9389847281242645
Key-to-Door seed 100,raw_summary,-1.5539165527600833,17.15568184900946
Key-to-Door seed 100,raw_summary,6.86716377686883,-7.427680826178904
Key-to-Door seed 100,raw_summary,3.3227958851193007,-5.040359489178171
Key-to-Door seed 100,raw_summary,1.0895364547358088,19.42251375548523
Key-to-Door seed 100,raw_summary,3.5117348080445154,-2.058098358249378
Key-to-Door seed 100,raw_summary,-0.43299578593686094,12.254686860722547
Key-to-Door seed 100,raw_summary,-7.906707286685567,-0.7077808345253487
Key-to-Door seed 100,raw_summary,-1.7593378856784132,-8.854728950784892
Key-to-Door seed 100,raw_summary,6.030691345329358,20.215206337123583
Key-to-Door seed 100,raw_summary,4.046450597699737,10.871951380348666
Key-to-Door seed 100,raw_summary,0.8151804695409415,1.7619394164453952
Key-to-Door seed 100,raw_summary,0.01509157213032987,-28.23131209544248
Key-to-Door seed 100,raw_summary,2.4754517594510257,27.875761302312167
Key-to-Door seed 100,raw_summary,-0.5015667513721662,-29.665543979722106
Key-to-Door seed 100,raw_summary,-6.6400601492225375,-12.097623122097668
Key-to-Door seed 100,raw_summary,6.040840562835272,-4.448106524831893
Key-to-Door seed 100,raw_summary,6.606399952036232,-6.008740828293828
Key-to-Door seed 100,raw_summary,3.902129870330895,4.497959337423598
Key-to-Door seed 100,raw_summary,9.448158050293479,6.442928989224866
Key-to-Door seed 100,raw_summary,-4.341577968823783,8.995926185092857
Key-to-Door seed 100,raw_summary,-8.993621818383751,12.765465547452779
Key-to-Door seed 100,raw_summary,10.695282867612061,2.9070905362144903
Key-to-Door seed 100,raw_summary,-6.82378839513423,-29.981904088275588
Key-to-Door seed 100,raw_summary,-3.8419770878007258,-19.725330459240816
Key-to-Door seed 100,raw_summary,8.394068996068931,7.009064689056849
Key-to-Door seed 100,raw_summary,1.7398910877302765,21.92377079770986
Key-to-Door seed 100,raw_summary,9.089121499070442,32.60172931793163
Key-to-Door seed 100,raw_summary,6.143211618610926,4.452414658883903
Key-to-Door seed 100,raw_summary,-4.651604184719101,15.41636025507255
Key-to-Door seed 100,raw_summary,2.296106861624008,-34.78476177705085
Key-to-Door seed 100,raw_summary,6.50706715706929,1.8166034124401669
Key-to-Door seed 100,raw_summary,7.940816600058282,-30.07834087038434
Key-to-Door seed 100,raw_summary,1.9072900869114302,-0.16676448553855489
Key-to-Door seed 100,raw_summary,4.700102447254744,18.366919506181436
Key-to-Door seed 100,raw_summary,-13.039821616864083,-7.123097996889936
Key-to-Door seed 100,raw_summary,-2.873023116656114,30.922139495980886
Key-to-Door seed 100,raw_summary,3.9825549584129463,27.87681752569385
Key-to-Door seed 100,raw_summary,2.4535909499608577,10.890711578939232
Key-to-Door seed 100,raw_summary,-8.771315232028538,-2.9945387155263568
Key-to-Door seed 100,raw_summary,7.082765679008693,-33.15054547692926
Key-to-Door seed 100,raw_summary,3.386544506487943,3.0139622066291953
Key-to-Door seed 100,raw_summary,-7.490413000664573,-6.417113651916165
Key-to-Door seed 100,raw_summary,4.800564253655532,1.941541163532327
Key-to-Door seed 100,raw_summary,2.8389366338253375,-8.429532882386532
Key-to-Door seed 100,raw_summary,10.427157108711372,-31.32450437342314
Key-to-Door seed 100,raw_summary,10.939009640177552,0.09496053860247344
Key-to-Door seed 100,raw_summary,4.504383200165956,-32.22728335574341
Key-to-Door seed 100,raw_summary,12.170664227683615,5.128567345742924
Key-to-Door seed 100,raw_summary,0.8094012924563688,6.559751575681279
Key-to-Door seed 100,raw_summary,0.31950779689957004,-0.3909017580238465
Key-to-Door seed 100,raw_summary,0.5796006086811009,4.75010000862123
Key-to-Door seed 100,raw_summary,10.32714542416959,7.030740983871635
Key-to-Door seed 100,raw_summary,5.416841021837777,9.345767640226466
Key-to-Door seed 100,raw_summary,6.0183296249874,-28.4366106067277
Key-to-Door seed 100,raw_summary,-1.8537882323660493,-7.633842645946638
Key-to-Door seed 100,raw_summary,12.121185805616275,-11.143013083753752
Key-to-Door seed 100,raw_summary,-5.681283391928846,10.25429113854657
Key-to-Door seed 100,raw_summary,-1.3515043029855747,11.16203380957333
Key-to-Door seed 100,raw_summary,-2.169573330661113,19.828832978377545
Key-to-Door seed 100,raw_summary,-0.01030672606291282,1.2921073682017354
Key-to-Door seed 100,raw_summary,6.732851022935494,0.4633908051774526
Key-to-Door seed 100,raw_summary,-0.7821161813665307,6.882444051639217
Key-to-Door seed 100,raw_summary,6.415386687405675,5.688327183052122
Key-to-Door seed 100,raw_summary,-0.40681066561108475,18.220444714406888
Key-to-Door seed 100,raw_summary,-5.270208541426955,23.993784015539156
Key-to-Door seed 100,raw_summary,7.1861285370340084,11.539433643301926
Key-to-Door seed 100,raw_summary,11.232631700862555,-8.25225545564958
Key-to-Door seed 100,raw_summary,0.8151804695409415,1.7619394164453952
Key-to-Door seed 100,raw_summary,9.08346010576938,18.842061914177524
Key-to-Door seed 100,raw_summary,6.268615882892603,1.2029117685060517
Key-to-Door seed 100,raw_summary,11.14074117806824,1.3146574569725815
Key-to-Door seed 100,raw_summary,5.855869189622164,-4.514912452702411
Key-to-Door seed 100,raw_summary,2.8290224390259873,18.95320252183695
Key-to-Door seed 100,raw_summary,-4.977727461128313,-26.90205865723099
Key-to-Door seed 100,raw_summary,14.671224628477704,-13.75341436823415
Key-to-Door seed 100,raw_summary,5.462670650050209,6.140554141418346
Key-to-Door seed 100,raw_summary,-2.683565583543048,4.0800835234052
Key-to-Door seed 100,raw_summary,7.782233617161319,-25.993788993750712
Key-to-Door seed 100,raw_summary,-1.9004263180637957,33.355227975861496
Key-to-Door seed 100,raw_summary,0.44165686162719764,-14.37822378857812
Key-to-Door seed 100,raw_summary,1.9263734531960242,2.028720469141677
Key-to-Door seed 100,raw_summary,-1.4009775829392226,-0.37932726871577893
Key-to-Door seed 100,raw_summary,13.546166434477804,-3.2809280312746023
Key-to-Door seed 100,raw_summary,-16.22133329417124,-6.979321479488654
Key-to-Door seed 100,raw_summary,6.189555999197774,-24.863018389487543
Key-to-Door seed 100,raw_summary,-6.784442674730024,-21.20790823239704
Key-to-Door seed 100,raw_summary,1.1537560042718282,-19.673428618944538
Key-to-Door seed 100,raw_summary,-3.76532445516353,24.81949020684317
Key-to-Door seed 100,raw_summary,8.981256131112216,-10.884982032158199
Key-to-Door seed 100,raw_summary,0.07461583401030192,6.215579908342602
Key-to-Door seed 100,raw_summary,0.8920341686202733,-1.04842992247774
Key-to-Door seed 100,raw_summary,7.786562997665251,-1.670161776833973
Key-to-Door seed 100,raw_summary,4.317276280587615,-2.84139110449134
Key-to-Door seed 100,raw_summary,-7.130214164624169,19.059716014418804
Key-to-Door seed 100,raw_summary,-10.64419199739925,-23.97301671997844
Key-to-Door seed 100,raw_summary,-1.2737134556885523,-2.7675446567532083
Key-to-Door seed 100,raw_summary,-1.8251807336906893,3.08170257634961
Key-to-Door seed 100,raw_summary,5.6312408317561555,0.48592808203162396
Key-to-Door seed 100,raw_summary,1.5827456148064591,-0.9313892477380147
Key-to-Door seed 100,raw_summary,2.385209648538371,21.382916449958515
Key-to-Door seed 100,raw_summary,0.47652651146453673,12.070183992300198
Key-to-Door seed 100,raw_summary,-1.075210648283591,-5.504167493147272
Key-to-Door seed 100,raw_summary,-1.3915315742634864,-18.982676168141616
Key-to-Door seed 100,raw_summary,1.1902812220523404,34.60511626024664
Key-to-Door seed 100,raw_summary,-5.302276792890896,4.263030413986393
Key-to-Door seed 100,raw_summary,-6.928006889675916,21.053757276772465
Key-to-Door seed 100,raw_summary,1.7215003954313879,-22.81948570914548
Key-to-Door seed 100,raw_summary,0.1312544477101215,-19.20702350612308
Key-to-Door seed 100,raw_summary,3.2204873086943473,0.9618721985666276
Key-to-Door seed 100,raw_summary,9.825080985840867,3.847294359379391
Key-to-Door seed 100,raw_summary,8.15618347503067,34.311469994576385
Key-to-Door seed 100,raw_summary,-5.731615257708332,-25.72176094072803
Key-to-Door seed 100,raw_summary,-5.609891542278455,36.41466755499472
Key-to-Door seed 100,raw_summary,0.2854153219544177,-29.920597967829355
Key-to-Door seed 100,raw_summary,-0.9173328477413774,-28.054716553300608
Key-to-Door seed 100,raw_summary,0.5888556622791683,-22.59584630739237
Key-to-Door seed 100,raw_summary,4.077133682356358,-11.088284440335123
Key-to-Door seed 100,raw_summary,1.0295304570861439,-26.55274823767508
Key-to-Door seed 100,raw_summary,6.422007410661177,6.54052853222575
Key-to-Door seed 100,raw_summary,10.166763031631625,19.46814868403143
Key-to-Door seed 100,raw_summary,7.9066647612958905,-17.728600416247613
Key-to-Door seed 100,raw_summary,1.4435070688336802,-8.692577623876485
Key-to-Door seed 100,raw_summary,2.335200186836316,-7.863009233621392
Key-to-Door seed 100,raw_summary,-10.155488110761562,-15.553136775742937
Key-to-Door seed 100,raw_summary,-6.347153488726318,-25.70101691045414
Key-to-Door seed 100,raw_summary,-1.6351568195336381,3.787814616835563
Key-to-Door seed 100,raw_summary,14.411785333851551,-5.418000319024356
Key-to-Door seed 100,raw_summary,2.3074718937169343,-20.203963280106993
Key-to-Door seed 100,raw_summary,3.3512998954336295,-22.330840570822208
Key-to-Door seed 100,raw_summary,-3.032672072495618,-6.596800893615572
Key-to-Door seed 100,raw_summary,-4.482404629675848,2.534015431981583
Key-to-Door seed 100,raw_summary,19.23035233872153,-20.553897929388693
Key-to-Door seed 100,raw_summary,8.79348684518996,15.37320191802454
Key-to-Door seed 100,raw_summary,-6.368841912652223,-5.441898811016187
Key-to-Door seed 100,raw_summary,11.298668521212353,11.399912366967976
Key-to-Door seed 100,raw_summary,-8.54230499846037,-25.875982978618346
Key-to-Door seed 100,raw_summary,10.13610073327055,-4.391267571375175
Key-to-Door seed 100,raw_summary,-6.876042039483962,-18.462465592529256
Key-to-Door seed 100,raw_summary,-4.1210658567984195,-26.2089460058438
Key-to-Door seed 100,raw_summary,9.715860000368467,10.022028073675601
Key-to-Door seed 100,raw_summary,5.650979914194654,6.176608266300185
Key-to-Door seed 100,raw_summary,-2.223888774275899,-20.26534686286938
Key-to-Door seed 100,raw_summary,-7.1006178704437675,-32.6396677638437
Key-to-Door seed 100,raw_summary,0.7116871280716482,-11.886224648669774
Key-to-Door seed 100,raw_summary,-0.7197529589321572,-13.702644014547769
Key-to-Door seed 100,raw_summary,6.826245820530806,9.057244814213812
Key-to-Door seed 100,raw_summary,4.3715840510018005,1.2810848913533301
Key-to-Door seed 100,raw_summary,3.0418296263668987,27.10023295225305
Key-to-Door seed 100,raw_summary,3.3043173082952335,0.9105421892684044
Key-to-Door seed 100,raw_summary,4.747288207289676,1.8855684292712254
Key-to-Door seed 100,raw_summary,11.139472298536248,0.012926523081837499
Key-to-Door seed 100,raw_summary,-2.5641715410913615,8.90832940718457
Key-to-Door seed 100,raw_summary,-7.170166020811296,-12.631792493864747
Key-to-Door seed 100,raw_summary,1.7458069809800865,-9.659479107766256
Key-to-Door seed 100,raw_summary,5.892002491756744,5.367706790101472
Key-to-Door seed 100,raw_summary,-6.016720157284987,-18.687538746502668
Key-to-Door seed 100,raw_summary,-10.479587965023434,-15.209476472529644
Key-to-Door seed 100,raw_summary,-8.644062796662288,-11.784371407040378
Key-to-Door seed 100,raw_summary,-8.804688391533597,-4.8451887273350565
Key-to-Door seed 100,raw_summary,-3.3074381346490362,-23.513031898259165
Key-to-Door seed 100,raw_summary,1.3914456577009302,7.988959328795167
Key-to-Door seed 100,raw_summary,-0.5378363666473318,7.8580177712164465
Key-to-Door seed 100,raw_summary,6.056034914003366,-24.375714925298915
Key-to-Door seed 100,raw_summary,3.0911270853712844,4.192291664394084
Key-to-Door seed 100,raw_summary,4.856944164068761,-17.711333642832027
Key-to-Door seed 100,raw_summary,-0.7683933005921992,23.730021012378813
Key-to-Door seed 100,raw_summary,5.678576085906001,36.44232050276857
Key-to-Door seed 100,raw_summary,0.2718738739176476,7.6690370133657195
Key-to-Door seed 100,raw_summary,4.042691110450394,9.509655318609358
Key-to-Door seed 100,raw_summary,-7.331824579874713,-19.382839929855315
Key-to-Door seed 100,raw_summary,9.244070546940941,-20.89893259281876
Key-to-Door seed 100,raw_summary,1.7512312231605818,2.7336206333566744
Key-to-Door seed 100,raw_summary,3.396703846244875,-20.930855944191503
Key-to-Door seed 100,raw_summary,-4.370779569479964,14.467901100556993
Key-to-Door seed 100,raw_summary,8.677965678652829,-17.674568664826005
Key-to-Door seed 100,raw_summary,-5.069668169853697,2.075519954693023
Key-to-Door seed 100,raw_summary,4.1494470018801675,9.540475260461923
Key-to-Door seed 100,raw_summary,4.007287090105332,25.276838011086852
Key-to-Door seed 100,raw_summary,-1.6777477998698718,0.6887664550565828
Key-to-Door seed 100,raw_summary,0.9718652772524567,6.8330719773744955
Key-to-Door seed 100,raw_summary,-4.053704736761007,11.577979213268742
Key-to-Door seed 100,raw_summary,-6.045546722805939,27.068167638026956
Key-to-Door seed 100,raw_summary,3.2214581058898486,17.144056315887628
Key-to-Door seed 100,raw_summary,-4.495192474423543,-22.591594927118642
Key-to-Door seed 100,raw_summary,3.8350496370290084,7.772982656917649
Key-to-Door seed 100,raw_summary,-6.667588600090678,0.6504299030354572
Key-to-Door seed 100,raw_summary,16.136902072710342,-13.312557272435695
Key-to-Door seed 100,raw_summary,9.307912179593718,-4.845477975005623
Key-to-Door seed 100,raw_summary,4.481939426410742,-26.268285095504716
Key-to-Door seed 100,raw_summary,9.358782807934842,3.0730360424947243
Key-to-Door seed 100,raw_summary,5.33403042597755,23.255743459335417
Key-to-Door seed 100,raw_summary,-3.4889691279040296,-23.624178987825786
Key-to-Door seed 100,raw_summary,0.31950779689957004,-0.3909017580238465
Key-to-Door seed 100,raw_summary,3.0226499703347347,-4.023725203655047
Key-to-Door seed 100,raw_summary,6.349296168224941,1.2176935428675781
Key-to-Door seed 100,raw_summary,10.319471041889718,-15.32667784087496
Key-to-Door seed 100,raw_summary,-2.5655100697010975,-9.109600548051935
Key-to-Door seed 100,raw_summary,5.809284235247537,-2.970043071969905
Key-to-Door seed 100,raw_summary,4.391835091492357,1.519289440830508
Key-to-Door seed 100,raw_summary,2.9309872610854812,20.215849538904937
Key-to-Door seed 100,raw_summary,4.3495409130387355,11.589510222000904
Key-to-Door seed 100,raw_summary,5.342457198716489,-7.021943413840898
Key-to-Door seed 100,raw_summary,-1.6437988594263893,-31.64585955410447
Key-to-Door seed 100,raw_summary,2.9105033485750096,21.06177671676536
Key-to-Door seed 100,raw_summary,-2.082991950741757,-4.921124290361076
Key-to-Door seed 100,raw_summary,-6.644714416255314,-27.708337169897497
Key-to-Door seed 100,raw_summary,-2.636480260484765,0.8153237778632594
Key-to-Door seed 100,raw_summary,-2.9859481641169903,8.878521445474195
Key-to-Door seed 100,raw_summary,1.6693685753401857,13.464943863952811
Key-to-Door seed 100,raw_summary,-12.724910360346,24.92631060199691
Key-to-Door seed 100,raw_summary,-4.301012182959426,6.6767551645928
Key-to-Door seed 100,raw_summary,-3.085764702799182,-21.695880681679917
Key-to-Door seed 100,raw_summary,-4.382801690673926,34.293271565681806
Key-to-Door seed 100,raw_summary,-8.311846276766932,21.96275437663624
Key-to-Door seed 100,raw_summary,7.296236846819809,5.366797894502421
Key-to-Door seed 100,raw_summary,-0.6318631609807058,11.257544190830954
Key-to-Door seed 100,raw_summary,6.429076316318734,-5.971865809421917
Key-to-Door seed 100,raw_summary,2.871762418845425,19.78320488029178
Key-to-Door seed 100,raw_summary,10.784938812900297,-28.10600367769011
Key-to-Door seed 100,raw_summary,-1.2602483500882347,-16.368102204343177
Key-to-Door seed 100,raw_summary,5.469549145645891,-7.47993105784559
Key-to-Door seed 100,raw_summary,-2.038741695214122,-25.55723519333585
Key-to-Door seed 100,raw_summary,-2.1189198091324504,-22.553101385972752
Key-to-Door seed 100,raw_summary,-0.6574259728429287,13.99169918785932
Key-to-Door seed 100,raw_summary,7.272473476682637,16.769283686997895
Key-to-Door seed 100,raw_summary,3.7613709202602585,5.890653399575156
Key-to-Door seed 100,raw_summary,4.88776452507614,-23.601010385136746
Key-to-Door seed 100,raw_summary,13.00615273699478,-26.047285827739852
Key-to-Door seed 100,raw_summary,6.911108594856029,-13.053423458148815
Key-to-Door seed 100,raw_summary,-2.162360895322323,6.5523508316654215
Key-to-Door seed 100,raw_summary,4.8270971156911235,7.716928677665457
Key-to-Door seed 100,raw_summary,1.1244449661033111,-1.9195849002586032
Key-to-Door seed 100,raw_summary,4.316593379774226,-16.599387185090748
Key-to-Door seed 100,raw_summary,-3.1782589669523915,-25.484461450380174
Key-to-Door seed 100,raw_summary,-1.8258414206217202,22.111994833797173
Key-to-Door seed 100,raw_summary,0.71817590671102,13.739929707058929
Key-to-Door seed 100,raw_summary,2.3090819806333367,-27.38772246431739
Key-to-Door seed 100,raw_summary,13.546166434477804,-3.2809280312746023
Key-to-Door seed 2026,raw_summary,-8.51301452547605,-21.5727541880089
Key-to-Door seed 2026,raw_summary,-5.607978484096017,1.2090969641741274
Key-to-Door seed 2026,raw_summary,-4.652612336137652,27.333448041206985
Key-to-Door seed 2026,raw_summary,-7.413794251147653,-6.06177256989899
Key-to-Door seed 2026,raw_summary,-11.253207614274388,5.602362852138354
Key-to-Door seed 2026,raw_summary,6.311644164961667,26.607545826428666
Key-to-Door seed 2026,raw_summary,-8.93207928992718,3.1813990861560293
Key-to-Door seed 2026,raw_summary,-14.117806901970717,-17.961121759810013
Key-to-Door seed 2026,raw_summary,2.5559161180384753,2.758525086768923
Key-to-Door seed 2026,raw_summary,13.307883740358387,26.367463639273478
Key-to-Door seed 2026,raw_summary,-2.293709684677577,-12.336270161248201
Key-to-Door seed 2026,raw_summary,-3.1159751680605012,5.912312033723669
Key-to-Door seed 2026,raw_summary,13.457355600150255,17.23540005251549
Key-to-Door seed 2026,raw_summary,-2.7101498701343045,-22.875450335468653
Key-to-Door seed 2026,raw_summary,12.56970196792139,1.602855256047167
Key-to-Door seed 2026,raw_summary,-5.2218017836963755,-27.65668156682088
Key-to-Door seed 2026,raw_summary,1.2426806487969466,-31.25821334126313
Key-to-Door seed 2026,raw_summary,-7.059134252714883,-8.794109270434825
Key-to-Door seed 2026,raw_summary,2.613272799354945,-29.200068213887157
Key-to-Door seed 2026,raw_summary,11.88955116174229,-0.8131657701729575
Key-to-Door seed 2026,raw_summary,-0.8947819452499354,7.841652891488803
Key-to-Door seed 2026,raw_summary,-10.28069518880952,-32.96670984980025
Key-to-Door seed 2026,raw_summary,0.9424086826859123,0.020722737509430558
Key-to-Door seed 2026,raw_summary,2.447562757473003,-25.45981692821575
Key-to-Door seed 2026,raw_summary,0.14436000224444157,-4.120603940161439
Key-to-Door seed 2026,raw_summary,-5.352996029351032,10.150701751902158
Key-to-Door seed 2026,raw_summary,-11.767004088182727,-31.85066268096964
Key-to-Door seed 2026,raw_summary,-11.098969658489414,-13.77510648971905
Key-to-Door seed 2026,raw_summary,10.350905361947834,13.456822012879623
Key-to-Door seed 2026,raw_summary,-7.102926482416654,1.5792521002470914
Key-to-Door seed 2026,raw_summary,-7.049989083150373,-29.06788020076514
Key-to-Door seed 2026,raw_summary,5.951792026348851,37.2995091239767
Key-to-Door seed 2026,raw_summary,-4.72810002907109,21.484834545275874
Key-to-Door seed 2026,raw_summary,1.3175004003634405,-1.5231831250046617
Key-to-Door seed 2026,raw_summary,-4.919168458555396,15.00011552446809
Key-to-Door seed 2026,raw_summary,-5.073312679863269,-4.557664507052734
Key-to-Door seed 2026,raw_summary,-8.225931708594995,-13.050229234507963
Key-to-Door seed 2026,raw_summary,-2.174656445486736,-13.195842551141633
Key-to-Door seed 2026,raw_summary,-8.442160704410824,-17.77173839763023
Key-to-Door seed 2026,raw_summary,-7.057661839599083,2.7416628965806864
Key-to-Door seed 2026,raw_summary,14.475892829058338,32.12875328649325
Key-to-Door seed 2026,raw_summary,9.536871306996739,13.919796848332796
Key-to-Door seed 2026,raw_summary,-9.802883750907148,-2.089001396000863
Key-to-Door seed 2026,raw_summary,-4.1762080676564715,-10.577341541507561
Key-to-Door seed 2026,raw_summary,-11.17793737384456,-0.5974466612578228
Key-to-Door seed 2026,raw_summary,-6.377233099871163,3.3146355381419266
Key-to-Door seed 2026,raw_summary,-7.859104195933385,-16.7607317647763
Key-to-Door seed 2026,raw_summary,2.489774907643837,39.354804697495595
Key-to-Door seed 2026,raw_summary,11.487240867377905,-5.168911481924318
Key-to-Door seed 2026,raw_summary,0.4622532320988789,37.02403849871516
Key-to-Door seed 2026,raw_summary,-8.582421643083336,4.594257269257305
Key-to-Door seed 2026,raw_summary,-3.7796387613818827,-21.183834562744007
Key-to-Door seed 2026,raw_summary,12.218065384796766,1.3415296796749314
Key-to-Door seed 2026,raw_summary,-8.530518445918954,-28.868887650683718
Key-to-Door seed 2026,raw_summary,-8.601699692929163,-24.169885189958013
Key-to-Door seed 2026,raw_summary,-8.75207370829019,-8.65167753620577
Key-to-Door seed 2026,raw_summary,-2.617034688842523,9.82268047944046
Key-to-Door seed 2026,raw_summary,11.557821154500854,18.749210301717664
Key-to-Door seed 2026,raw_summary,-0.05487816449914346,-2.456180785572161
Key-to-Door seed 2026,raw_summary,5.378705927841065,2.4516570355152654
Key-to-Door seed 2026,raw_summary,-3.3943666879655594,6.124937252906723
Key-to-Door seed 2026,raw_summary,1.49402480235722,8.048755741050941
Key-to-Door seed 2026,raw_summary,9.54832974891442,32.33971954252087
Key-to-Door seed 2026,raw_summary,-0.3805725515432107,-6.061835070622732
Key-to-Door seed 2026,raw_summary,4.9397876092461095,35.95167437943776
Key-to-Door seed 2026,raw_summary,-6.020049228065816,-1.7358319971531606
Key-to-Door seed 2026,raw_summary,-9.284823153218216,-7.4214192801709675
Key-to-Door seed 2026,raw_summary,-6.377233099871163,3.3146355381419266
Key-to-Door seed 2026,raw_summary,-4.886262340332064,-4.751453487222058
Key-to-Door seed 2026,raw_summary,-14.140558071421,2.1487663622704365
Key-to-Door seed 2026,raw_summary,3.1164484133309194,-12.212262811811907
Key-to-Door seed 2026,raw_summary,-3.4055321010795803,39.53665726483915
Key-to-Door seed 2026,raw_summary,0.0651086266097049,1.697429161061626
Key-to-Door seed 2026,raw_summary,11.881500242092715,6.303319999257245
Key-to-Door seed 2026,raw_summary,-11.771953517249695,-13.07790877030337
Key-to-Door seed 2026,raw_summary,3.3494329256851505,4.860098618706417
Key-to-Door seed 2026,raw_summary,-11.779123212485818,-28.576723064858037
Key-to-Door seed 2026,raw_summary,1.0481665554557207,-5.841121753037957
Key-to-Door seed 2026,raw_summary,3.9253437658995516,-2.162300723561417
Key-to-Door seed 2026,raw_summary,8.298758878638228,-14.586149702044036
Key-to-Door seed 2026,raw_summary,-4.649860584340542,-4.678113465387161
Key-to-Door seed 2026,raw_summary,-18.264520025850615,-11.661793119657347
Key-to-Door seed 2026,raw_summary,-9.82007550506614,-35.26215859305127
Key-to-Door seed 2026,raw_summary,-1.3199061210988756,-1.0754182693674563
Key-to-Door seed 2026,raw_summary,0.9619364838269269,11.912020517649534
Key-to-Door seed 2026,raw_summary,-0.04609269002665675,8.486764046401664
Key-to-Door seed 2026,raw_summary,-2.4839106683718395,-19.14762131255176
Key-to-Door seed 2026,raw_summary,2.7222676615661943,-2.3800532075456733
Key-to-Door seed 2026,raw_summary,0.5062536948820824,8.452584695751293
Key-to-Door seed 2026,raw_summary,3.8010270340019687,12.185752817722584
Key-to-Door seed 2026,raw_summary,-1.4415488752130396,-20.992609169216532
Key-to-Door seed 2026,raw_summary,7.646036238243005,25.324705073927547
Key-to-Door seed 2026,raw_summary,15.36106578360816,10.510263960083412
Key-to-Door seed 2026,raw_summary,-1.0569478447157883,-5.640302906805705
Key-to-Door seed 2026,raw_summary,9.309643607633344,14.154623840167746
Key-to-Door seed 2026,raw_summary,6.119516885114928,29.533496186459704
Key-to-Door seed 2026,raw_summary,-3.172486087913144,-38.344962212015
Key-to-Door seed 2026,raw_summary,-8.269000388074629,18.88272747765855
Key-to-Door seed 2026,raw_summary,-17.653486754471484,5.842441635306548
Key-to-Door seed 2026,raw_summary,3.971102718066443,-12.194581796440698
Key-to-Door seed 2026,raw_summary,-11.364074917162243,9.163911774418079
Key-to-Door seed 2026,raw_summary,10.257762248577489,4.365467249147827
Key-to-Door seed 2026,raw_summary,8.008322736059679,24.727534591221705
Key-to-Door seed 2026,raw_summary,17.436192554395888,16.874539288065982
Key-to-Door seed 2026,raw_summary,8.10977076449129,23.137792599561003
Key-to-Door seed 2026,raw_summary,-0.31581205375674104,-36.27064143143777
Key-to-Door seed 2026,raw_summary,-3.5001145251500203,16.47565945350951
Key-to-Door seed 2026,raw_summary,-5.0625406370744255,4.3655425997893245
Key-to-Door seed 2026,raw_summary,-5.567340211671311,-0.2295685751393069
Key-to-Door seed 2026,raw_summary,-5.75854480409695,2.4954910996822752
Key-to-Door seed 2026,raw_summary,-2.3043613851181037,-0.448933335619942
Key-to-Door seed 2026,raw_summary,-8.716743664815318,-20.36010801736571
Key-to-Door seed 2026,raw_summary,0.8840076575007378,37.51175515970591
Key-to-Door seed 2026,raw_summary,9.147484879388891,-0.10262987307745196
Key-to-Door seed 2026,raw_summary,-7.356296602640842,5.03514480893187
Key-to-Door seed 2026,raw_summary,3.5635304372437053,0.06196864510772133
Key-to-Door seed 2026,raw_summary,-7.476004417291092,3.90150838135569
Key-to-Door seed 2026,raw_summary,-8.924511179249356,-36.037496733867115
Key-to-Door seed 2026,raw_summary,-6.76057808954539,-16.07528190783996
Key-to-Door seed 2026,raw_summary,6.625339592580199,0.5331132061013766
Key-to-Door seed 2026,raw_summary,14.515788877076709,13.741585263806657
Key-to-Door seed 2026,raw_summary,0.08565789123164269,-38.546651575528955
Key-to-Door seed 2026,raw_summary,-2.1908221957702363,-17.746361044502308
Key-to-Door seed 2026,raw_summary,-11.634684740214869,-35.8577324083035
Key-to-Door seed 2026,raw_summary,-5.7575650787827755,31.104075384828104
Key-to-Door seed 2026,raw_summary,11.930267091228734,13.041985777663257
Key-to-Door seed 2026,raw_summary,-12.7505180095328,4.993633757883741
Key-to-Door seed 2026,raw_summary,-3.439575565592822,-8.19367009982667
Key-to-Door seed 2026,raw_summary,-5.607978484096017,1.2090969641741274
Key-to-Door seed 2026,raw_summary,3.9730621378838453,30.30573907632692
Key-to-Door seed 2026,raw_summary,-15.886087062221563,-31.553520116386878
Key-to-Door seed 2026,raw_summary,18.322365609924397,22.128396964434916
Key-to-Door seed 2026,raw_summary,2.8734496041485578,41.44167152426104
Key-to-Door seed 2026,raw_summary,0.3852844977432644,31.204496250680304
Key-to-Door seed 2026,raw_summary,-4.084748851967746,17.3637906991595
Key-to-Door seed 2026,raw_summary,7.248503654431448,30.175004537002657
Key-to-Door seed 2026,raw_summary,3.5207368720468075,-10.563730335220386
Key-to-Door seed 2026,raw_summary,-12.860627269292074,-10.877593367129021
Key-to-Door seed 2026,raw_summary,-2.482669654216975,16.57842936320018
Key-to-Door seed 2026,raw_summary,9.97385787014711,1.2755492322175994
Key-to-Door seed 2026,raw_summary,3.0641202900682387,10.191000719374466
Key-to-Door seed 2026,raw_summary,3.7266794591779524,12.501775702497781
Key-to-Door seed 2026,raw_summary,11.39844601730663,22.04996783150727
Key-to-Door seed 2026,raw_summary,-9.384605528986711,-0.8192235691051708
Key-to-Door seed 2026,raw_summary,-11.364074917162243,9.163911774418079
Key-to-Door seed 2026,raw_summary,6.566874074767303,23.48982975312505
Key-to-Door seed 2026,raw_summary,11.44939518273232,25.1107236053946
Key-to-Door seed 2026,raw_summary,-2.1878036523303814,-0.26712837449319665
Key-to-Door seed 2026,raw_summary,3.17757005744618,0.2505607505121529
Key-to-Door seed 2026,raw_summary,0.06692588432093707,32.1022475177272
Key-to-Door seed 2026,raw_summary,1.9613298802253096,-21.947340108027714
Key-to-Door seed 2026,raw_summary,-5.217372422999534,10.614361202099829
Key-to-Door seed 2026,raw_summary,2.9957649838029208,-9.846684732296032
Key-to-Door seed 2026,raw_summary,0.03132389888291093,0.4468987822796009
Key-to-Door seed 2026,raw_summary,0.2448208070257307,7.1092567393569785
Key-to-Door seed 2026,raw_summary,10.321559230763906,12.746639151552417
Key-to-Door seed 2026,raw_summary,-5.312889945986971,2.4583463166403288
Key-to-Door seed 2026,raw_summary,1.4020395967204526,-18.79265177351754
Key-to-Door seed 2026,raw_summary,-9.827500883323598,-9.081453367195948
Key-to-Door seed 2026,raw_summary,11.996059654956822,12.060285081700185
Key-to-Door seed 2026,raw_summary,-2.7211159852294267,38.2593839141956
Key-to-Door seed 2026,raw_summary,-4.237313339998196,17.7502469999886
Key-to-Door seed 2026,raw_summary,8.432134551275086,7.374329470661475
Key-to-Door seed 2026,raw_summary,-6.71492518504138,-13.476407910576835
Key-to-Door seed 2026,raw_summary,-0.30608926360653094,5.523738275255094
Key-to-Door seed 2026,raw_summary,-0.09992633957501434,-22.65344153265938
Key-to-Door seed 2026,raw_summary,-6.9777574571378755,3.6058799374726096
Key-to-Door seed 2026,raw_summary,3.3494329256851505,4.860098618706417
Key-to-Door seed 2026,raw_summary,6.6895380292838755,-3.8774051760671053
Key-to-Door seed 2026,raw_summary,-6.115058780689817,-13.535858640684598
Key-to-Door seed 2026,raw_summary,0.8834634945641859,27.108069687222443
Key-to-Door seed 2026,raw_summary,3.3494329256851505,4.860098618706417
Key-to-Door seed 2026,raw_summary,-7.059134252714883,-8.794109270434825
Key-to-Door seed 2026,raw_summary,-9.392695947536156,3.926560464095531
Key-to-Door seed 2026,raw_summary,-5.918925919732434,-1.1838386915893473
Key-to-Door seed 2026,raw_summary,-6.141548292874152,20.429593558734155
Key-to-Door seed 2026,raw_summary,-0.48995549064871746,-0.4589930195484674
Key-to-Door seed 2026,raw_summary,-5.275367149952381,33.732432986731844
Key-to-Door seed 2026,raw_summary,-5.702549864996901,-16.856566630415927
Key-to-Door seed 2026,raw_summary,3.1681550742937743,-14.604303767814216
Key-to-Door seed 2026,raw_summary,10.797693292207246,20.704820058145412
Key-to-Door seed 2026,raw_summary,-3.671872434880007,-7.383976218892947
Key-to-Door seed 2026,raw_summary,10.228781034689987,13.051598585231872
Key-to-Door seed 2026,raw_summary,-11.860671511182511,-26.540324176791813
Key-to-Door seed 2026,raw_summary,-7.637580456352525,-31.71316406437442
Key-to-Door seed 2026,raw_summary,1.4572584786060419,-14.50539636617795
Key-to-Door seed 2026,raw_summary,-1.9886065875655152,-18.98107782595041
Key-to-Door seed 2026,raw_summary,10.218993313797524,14.94951273938149
Key-to-Door seed 2026,raw_summary,19.53051803211393,12.513696227664871
Key-to-Door seed 2026,raw_summary,0.30630107833884407,0.37559055989863244
Key-to-Door seed 2026,raw_summary,-1.8540803106779686,19.08944157929202
Key-to-Door seed 2026,raw_summary,3.80303199368368,-22.53695193601125
Key-to-Door seed 2026,raw_summary,8.256507549670204,13.973350592602337
Key-to-Door seed 2026,raw_summary,-2.9124252381500817,2.685209582193515
Key-to-Door seed 2026,raw_summary,-9.010304235267293,-11.302641175177353
Key-to-Door seed 2026,raw_summary,-15.074734870920098,-35.616811324805894
Key-to-Door seed 2026,raw_summary,4.127510433113852,-2.886835010300211
Key-to-Door seed 2026,raw_summary,-11.452429896808708,-8.213192304682346
Key-to-Door seed 2026,raw_summary,-5.573452212289196,-13.841153602020501
Key-to-Door seed 2026,raw_summary,-5.462657918256128,-28.951452107835813
Key-to-Door seed 2026,raw_summary,1.0678446386981977,-29.184997445371742
Key-to-Door seed 2026,raw_summary,12.82203222054669,12.142618841476715
Key-to-Door seed 2026,raw_summary,-7.135779825826204,-12.817178382523222
Key-to-Door seed 2026,raw_summary,11.661543740293439,-2.9808164778729687
Key-to-Door seed 2026,raw_summary,4.637895611294567,18.39127717634106
Key-to-Door seed 2026,raw_summary,4.697431310407372,-1.5201869071742373
Key-to-Door seed 2026,raw_summary,-5.935997455378307,25.53974965291163
Key-to-Door seed 2026,raw_summary,-5.399129130720526,-0.08972577018648631
Key-to-Door seed 2026,raw_summary,-15.08330809500243,-18.695676844785332
Key-to-Door seed 2026,raw_summary,6.706526553401456,28.96720246694425
Key-to-Door seed 2026,raw_summary,-6.377233099871163,3.3146355381419266
Key-to-Door seed 2026,raw_summary,-2.1878036523303814,-0.26712837449319665
Key-to-Door seed 2026,raw_summary,-7.6159540653574975,11.850732699115598
Key-to-Door seed 2026,raw_summary,-3.7482376946329716,14.855652077259782
Key-to-Door seed 2026,raw_summary,14.986485200073517,0.43335793000629386
Key-to-Door seed 2026,raw_summary,-2.177497515271388,-1.424246136626712
Key-to-Door seed 2026,raw_summary,5.941966903170457,6.057489216692883
Key-to-Door seed 2026,raw_summary,-8.935695167030747,-32.584242103016635
Key-to-Door seed 2026,raw_summary,-10.929269922361371,-13.396947724452934
Key-to-Door seed 2026,raw_summary,-10.731680173269735,2.634179587778153
Key-to-Door seed 2026,raw_summary,4.336743423702028,34.47422192387067
Key-to-Door seed 2026,raw_summary,-18.220749766832675,-17.51708650972002
Key-to-Door seed 2026,raw_summary,4.846916611158863,3.1253021345917875
Key-to-Door seed 2026,raw_summary,5.905550036152561,25.841774873607182
Key-to-Door seed 2026,raw_summary,5.021244068667487,-0.32871974800679804
Key-to-Door seed 2026,raw_summary,-9.613586016211581,-11.381125702356197
Key-to-Door seed 2026,raw_summary,4.6466514192297375,-22.847431369344815
Key-to-Door seed 2026,raw_summary,0.3232046095708504,-34.660689559689075
Key-to-Door seed 2026,raw_summary,-1.3692850767886675,-11.595771365246076
Key-to-Door seed 2026,raw_summary,1.2275345752317572,28.065589062866028
Key-to-Door seed 2026,raw_summary,-6.618282286715511,-31.896812074461465
Key-to-Door seed 2026,raw_summary,-0.8768467831029341,0.14299434978603082
Key-to-Door seed 2026,raw_summary,4.260941334381533,-5.744851145013289
Key-to-Door seed 2026,raw_summary,-10.354672074014669,-15.414719695954247
Key-to-Door seed 2026,raw_summary,-4.992197206833182,9.363944502476997
Key-to-Door seed 2026,raw_summary,-11.841294956259725,-21.349454334826188
Key-to-Door seed 2026,raw_summary,9.068507145710289,29.257845149175562
Key-to-Door seed 2026,raw_summary,12.050991193081224,12.436078588723134
Key-to-Door seed 2026,raw_summary,6.8134376455369985,11.93512515361824
Key-to-Door seed 2026,raw_summary,-1.2783089467135578,35.39165641883415
Key-to-Door seed 2026,raw_summary,11.310703948051469,17.4958532729178
Key-to-Door seed 2026,raw_summary,-0.38602629305376523,-18.762012233690246
Key-to-Door seed 2026,raw_summary,-6.193186804556774,-29.09960185735781
Key-to-Door seed 2026,raw_summary,-8.978051871775724,-10.38957804550286
Key-to-Door seed 2026,raw_summary,2.82165565359265,20.94020622615608
Key-to-Door seed 2026,raw_summary,4.836391606451585,30.83963211568635
Key-to-Door seed 2026,raw_summary,-5.135496935162884,18.130487818573386
Key-to-Door seed 2026,raw_summary,-3.4093508557288876,-12.11542566173811
Key-to-Door seed 2026,raw_summary,3.8968116077016157,-4.593444580144105
Key-to-Door seed 2026,raw_summary,-11.898016592733116,13.138434581312486
Key-to-Door seed 2026,raw_summary,7.7747435851514055,16.703627328077154
Key-to-Door seed 2026,raw_summary,16.76646442609666,18.557922093742842
Key-to-Door seed 2026,raw_summary,-4.67951041177171,-28.590486204188405
Key-to-Door seed 2026,raw_summary,5.224587079953647,-19.43266457494486
Key-to-Door seed 2026,raw_summary,6.33127523521891,17.353811071884014
Key-to-Door seed 2026,raw_summary,-11.364074917162243,9.163911774418079
readout,key_row,0,0.8992702510262647
readout,key_column,1,0.911136241635922
readout,door_row,2,0.5304303431458744
readout,door_column,3,0.6198040500527553
CountRecall seed 42,raw_summary,16.373508986192135,20.88116915441854
CountRecall seed 42,raw_summary,-0.7423688771468988,21.312124665044344
CountRecall seed 42,raw_summary,20.2885759121603,-2.2328063967929053
CountRecall seed 42,raw_summary,19.1534123676546,18.50775820569308
CountRecall seed 42,raw_summary,12.16484929012431,-29.5058841033332
CountRecall seed 42,raw_summary,14.421496570120912,-10.20126952340388
CountRecall seed 42,raw_summary,1.2654026643167267,23.5666941595099
CountRecall seed 42,raw_summary,15.223189235450866,20.480393215876035
CountRecall seed 42,raw_summary,20.162397077885913,-8.814885049887177
CountRecall seed 42,raw_summary,21.317179124505824,-21.39396811526052
CountRecall seed 42,raw_summary,11.321833111559497,-1.1102474653895895
CountRecall seed 42,raw_summary,19.02996693664283,2.434358278386092
CountRecall seed 42,raw_summary,-4.2410048950444255,-14.752176906244411
CountRecall seed 42,raw_summary,23.76333572762278,-19.712976884142535
CountRecall seed 42,raw_summary,21.65517962873133,-10.779030460229441
CountRecall seed 42,raw_summary,-2.662752375544184,25.84236009243849
CountRecall seed 42,raw_summary,0.15570273847255078,22.25952883876048
CountRecall seed 42,raw_summary,18.939771232662267,-20.773617182747486
CountRecall seed 42,raw_summary,3.5301158141952236,-2.13952977811642
CountRecall seed 42,raw_summary,7.973347558033035,22.560555309742632
CountRecall seed 42,raw_summary,24.449101405699636,-3.603055448944799
CountRecall seed 42,raw_summary,-4.242824636521698,32.650056755955056
CountRecall seed 42,raw_summary,-9.116512775070499,12.477624172793805
CountRecall seed 42,raw_summary,19.45184337013655,-12.757083357682525
CountRecall seed 42,raw_summary,7.141200210349701,-33.46612441543585
CountRecall seed 42,raw_summary,18.187793785420112,-2.208343679310132
CountRecall seed 42,raw_summary,17.55785656910075,-12.991066321301174
CountRecall seed 42,raw_summary,21.139650093391964,-21.92285477580173
CountRecall seed 42,raw_summary,7.248790978076961,6.28971276851026
CountRecall seed 42,raw_summary,9.705669858962192,27.803884705714466
CountRecall seed 42,raw_summary,22.528457844439323,-1.3502695967083382
CountRecall seed 42,raw_summary,10.355596295892951,-4.8634098879374035
CountRecall seed 42,raw_summary,15.15753714201102,-6.317576781440033
CountRecall seed 42,raw_summary,9.091777377356557,7.646850107102685
CountRecall seed 42,raw_summary,-4.545017832591908,21.63824750017661
CountRecall seed 42,raw_summary,25.75776236220784,-7.089689086782185
CountRecall seed 42,raw_summary,20.446701169848588,-4.7576520557184665
CountRecall seed 42,raw_summary,19.42713395335716,-15.40184734172885
CountRecall seed 42,raw_summary,-3.100809698224249,39.71915027868262
CountRecall seed 42,raw_summary,-3.269715484495785,36.73807283640124
CountRecall seed 42,raw_summary,12.003264869160091,-25.76748538501257
CountRecall seed 42,raw_summary,15.487258113616402,-32.20903117461543
CountRecall seed 42,raw_summary,11.940436902088539,24.411913943496458
CountRecall seed 42,raw_summary,16.08416604662659,6.50636589490035
CountRecall seed 42,raw_summary,10.644630797774608,23.99296182322104
CountRecall seed 42,raw_summary,5.7755698056456195,40.342013082368034
CountRecall seed 42,raw_summary,25.054069547608442,-11.69125763942521
CountRecall seed 42,raw_summary,-6.145325701105265,-48.19567303187784
CountRecall seed 42,raw_summary,19.942984945094206,-15.215615129838646
CountRecall seed 42,raw_summary,19.818077339951547,4.392749082247924
CountRecall seed 42,raw_summary,19.20892176183002,-16.660953494574997
CountRecall seed 42,raw_summary,17.030659295987256,8.94383792695035
CountRecall seed 42,raw_summary,-23.002505237397557,48.722820988631284
CountRecall seed 42,raw_summary,1.4019151584645655,-9.675158773242535
CountRecall seed 42,raw_summary,20.420450689547746,-2.0006382638111084
CountRecall seed 42,raw_summary,5.928857601146753,-2.574678748427403
CountRecall seed 42,raw_summary,20.062696264960703,5.899614559138856
CountRecall seed 42,raw_summary,15.803540966524594,12.706818305668689
CountRecall seed 42,raw_summary,14.82955302424664,8.519236600238997
CountRecall seed 42,raw_summary,16.666622378492274,19.121282234646635
CountRecall seed 42,raw_summary,-30.090811081039575,-14.130367955671158
CountRecall seed 42,raw_summary,13.865924888303681,-12.648574542644264
CountRecall seed 42,raw_summary,-15.319060313373951,-13.771373584635464
CountRecall seed 42,raw_summary,4.184771681727701,27.63070134874248
CountRecall seed 42,raw_summary,15.221308252984493,-42.05005751537506
CountRecall seed 42,raw_summary,2.9423261734833073,-26.789138531524273
CountRecall seed 42,raw_summary,14.0876841555566,-33.133594403082384
CountRecall seed 42,raw_summary,7.554459939956065,-25.268284726469034
CountRecall seed 42,raw_summary,16.678718152970088,-34.36116168508638
CountRecall seed 42,raw_summary,18.422151915532588,-19.91978872317857
CountRecall seed 42,raw_summary,3.7173908670832914,-38.793071683642076
CountRecall seed 42,raw_summary,13.619742663813284,13.129389914313077
CountRecall seed 42,raw_summary,16.973836292218365,-14.372712749546244
CountRecall seed 42,raw_summary,16.270747350539708,16.45028331165532
CountRecall seed 42,raw_summary,0.27179483195285237,26.96918072065846
CountRecall seed 42,raw_summary,17.464566607901645,-6.759732346776357
CountRecall seed 42,raw_summary,-7.304954469897369,-24.629929856399816
CountRecall seed 42,raw_summary,-0.17133095118007322,-46.92494463748244
CountRecall seed 42,raw_summary,12.929769544540736,-10.638052489922556
CountRecall seed 42,raw_summary,10.84288591841681,7.816510352496211
CountRecall seed 42,raw_summary,-5.839873376826312,15.509860921100929
CountRecall seed 42,raw_summary,0.9148865702434537,4.954389737681758
CountRecall seed 42,raw_summary,8.753133216122551,34.41493356747488
CountRecall seed 42,raw_summary,0.2398009136327109,13.456760671628867
CountRecall seed 42,raw_summary,-6.620591287868154,32.73631329211386
CountRecall seed 42,raw_summary,-6.923129432205611,14.407624432765989
CountRecall seed 42,raw_summary,17.080883997051114,-0.10497992455568428
CountRecall seed 42,raw_summary,21.820082589010006,12.522328570554812
CountRecall seed 42,raw_summary,19.24879101047398,-2.361702428451175
CountRecall seed 42,raw_summary,12.047125552892117,-4.187939855511791
CountRecall seed 42,raw_summary,4.706206842062226,-45.11632913006372
CountRecall seed 42,raw_summary,20.512531997120554,-8.683013209580094
CountRecall seed 42,raw_summary,8.583626472232222,-36.146405253109364
CountRecall seed 42,raw_summary,19.30041518271469,9.477245995407134
CountRecall seed 42,raw_summary,-13.997682137961535,-15.55829292494267
CountRecall seed 42,raw_summary,1.0847401013663995,-21.453563252622757
CountRecall seed 42,raw_summary,21.214023358641196,-15.890291956394583
CountRecall seed 42,raw_summary,-13.998600511305122,-13.774411727409591
CountRecall seed 42,raw_summary,6.269958142889846,4.607980622968959
CountRecall seed 42,raw_summary,1.3257478015379092,-7.110724450785028
CountRecall seed 42,raw_summary,4.556130849500816,22.068489615663385
CountRecall seed 42,raw_summary,13.212472771069367,4.536825767307438
CountRecall seed 42,raw_summary,-34.70454295079838,34.55030157960259
CountRecall seed 42,raw_summary,-13.470607004909319,17.371255770108228
CountRecall seed 42,raw_summary,14.291872659760612,-19.842212740693746
CountRecall seed 42,raw_summary,11.961235694894057,11.218673684988474
CountRecall seed 42,raw_summary,9.717568295971823,28.475703651895202
CountRecall seed 42,raw_summary,15.676970635640867,-0.23518651956237813
CountRecall seed 42,raw_summary,-0.9485660096674946,-13.779154010769881
CountRecall seed 42,raw_summary,-3.0401798341144,13.139905788288278
CountRecall seed 42,raw_summary,22.7886697652446,-2.452741241355048
CountRecall seed 42,raw_summary,-6.528333492590766,10.82129253870949
CountRecall seed 42,raw_summary,14.945393459890523,-7.537434231398011
CountRecall seed 42,raw_summary,16.562129539755706,6.091711767053039
CountRecall seed 42,raw_summary,15.6090765289002,-31.374041871373052
CountRecall seed 42,raw_summary,20.12772812641174,-23.532502823619552
CountRecall seed 42,raw_summary,-10.378974889651106,20.163724851056877
CountRecall seed 42,raw_summary,15.939856555015922,13.656486483151397
CountRecall seed 42,raw_summary,16.294361172643985,-16.248022524210484
CountRecall seed 42,raw_summary,-1.7124970122609562,19.17300658535242
CountRecall seed 42,raw_summary,13.61864201617388,25.452345452674088
CountRecall seed 42,raw_summary,15.730824316784327,-5.681464245106106
CountRecall seed 42,raw_summary,8.028388392369068,26.661019042124188
CountRecall seed 42,raw_summary,1.1192416501666225,-43.49491866060823
CountRecall seed 42,raw_summary,1.540829556711301,42.52630501488311
CountRecall seed 42,raw_summary,21.903218604637935,-12.763578004359866
CountRecall seed 42,raw_summary,5.232355626298323,35.16197479405815
CountRecall seed 42,raw_summary,15.833454522165932,-14.394410366082692
CountRecall seed 42,raw_summary,-3.9747072091664197,46.1785099448327
CountRecall seed 42,raw_summary,-18.93359617578322,32.123437729725836
CountRecall seed 42,raw_summary,25.65030447932943,-7.2250930424357085
CountRecall seed 42,raw_summary,10.22405312559399,4.7209081816144565
CountRecall seed 42,raw_summary,5.772532979600488,-3.527503223725085
CountRecall seed 42,raw_summary,7.191394279545395,13.15108743345629
CountRecall seed 42,raw_summary,17.832943754169165,21.028594320249542
CountRecall seed 42,raw_summary,1.5037010571196021,30.551256283616897
CountRecall seed 42,raw_summary,4.757209760896156,-17.76439057807302
CountRecall seed 42,raw_summary,-11.190224183682972,-16.267902849325445
CountRecall seed 42,raw_summary,13.031546796164445,17.263479846377454
CountRecall seed 42,raw_summary,8.292033261147882,9.593651151727082
CountRecall seed 42,raw_summary,12.506175811067568,7.909706968877858
CountRecall seed 42,raw_summary,18.158006192232875,-2.781629861157505
CountRecall seed 42,raw_summary,3.6168512324794615,34.35686899909602
CountRecall seed 42,raw_summary,-6.943191265600268,20.633791595236694
CountRecall seed 42,raw_summary,3.364805434421407,-43.414056403325745
CountRecall seed 42,raw_summary,18.831440985154988,15.237864328207046
CountRecall seed 42,raw_summary,12.279330680123126,12.790735521456444
CountRecall seed 42,raw_summary,13.06085911833665,-17.512388134293634
CountRecall seed 42,raw_summary,21.777761639094543,-1.045292724091854
CountRecall seed 42,raw_summary,25.056932179848697,1.6959916175537133
CountRecall seed 42,raw_summary,18.328157712439822,3.1867700158496093
CountRecall seed 42,raw_summary,3.7512243235177416,-10.77053911898047
CountRecall seed 42,raw_summary,2.8471510064219006,27.81078534363425
CountRecall seed 42,raw_summary,13.885265764701765,18.61036702529279
CountRecall seed 42,raw_summary,13.262141732292646,-28.031875301262847
CountRecall seed 42,raw_summary,23.89859615550403,-10.394309027343276
CountRecall seed 42,raw_summary,14.70034751662018,-23.2033905783396
CountRecall seed 42,raw_summary,2.509631099776924,25.155821106662323
CountRecall seed 42,raw_summary,12.858685151766506,16.223929219531037
CountRecall seed 42,raw_summary,6.269900912863033,26.43481780598799
CountRecall seed 42,raw_summary,-4.341063361484767,-5.031641160649654
CountRecall seed 42,raw_summary,9.583648628013988,-26.086108751405842
CountRecall seed 42,raw_summary,3.3869213432569083,38.0312743134402
CountRecall seed 42,raw_summary,16.366123394490057,0.8286582214164386
CountRecall seed 42,raw_summary,10.468954365391507,24.209395702433106
CountRecall seed 42,raw_summary,21.573672372554306,-1.8391175446912107
CountRecall seed 42,raw_summary,13.59206587098406,-18.75679302154912
CountRecall seed 42,raw_summary,22.32520985542456,3.92285236690613
CountRecall seed 42,raw_summary,18.1405540172208,21.476185324928153
CountRecall seed 42,raw_summary,19.11156908177668,6.418380889427397
CountRecall seed 42,raw_summary,-1.6377758262195092,-33.58171893024142
CountRecall seed 42,raw_summary,11.272747450364953,-1.4225949968444156
CountRecall seed 42,raw_summary,-2.2859372378270213,-28.92900111101574
CountRecall seed 42,raw_summary,9.972154431743256,-18.288754301618418
CountRecall seed 42,raw_summary,15.54095229918804,-6.504275914801767
CountRecall seed 42,raw_summary,13.269809582070643,-24.334739475293844
CountRecall seed 42,raw_summary,23.333563084370546,-9.32628095308233
CountRecall seed 42,raw_summary,-9.473523845114771,45.686768255536144
CountRecall seed 42,raw_summary,6.77500352634998,18.64997194237424
CountRecall seed 42,raw_summary,8.079975237014402,-26.43893874816872
CountRecall seed 42,raw_summary,20.567644479195327,-6.928607401323867
CountRecall seed 42,raw_summary,-9.53392936336683,22.12583254032961
CountRecall seed 42,raw_summary,7.120566449838782,-11.725045268610764
CountRecall seed 42,raw_summary,-4.9024303649644985,-8.137957547223689
CountRecall seed 42,raw_summary,18.6473773941376,17.93840502135212
CountRecall seed 42,raw_summary,15.942347648066047,6.299967792490878
CountRecall seed 42,raw_summary,20.613769751789754,-8.185620625777624
CountRecall seed 42,raw_summary,2.365137976980092,-40.600393829394534
CountRecall seed 42,raw_summary,6.899301553075508,-29.128692817748693
CountRecall seed 42,raw_summary,2.259122472916008,-49.61022530254337
CountRecall seed 42,raw_summary,4.114225418637501,-42.41818046462599
CountRecall seed 42,raw_summary,-30.965282156145616,20.67440987944325
CountRecall seed 42,raw_summary,-7.634284280713688,46.920946516442214
CountRecall seed 42,raw_summary,12.310607186011016,18.418412011475876
CountRecall seed 42,raw_summary,20.046489497501398,-20.102123313604242
CountRecall seed 42,raw_summary,21.685428946781986,4.091915902122001
CountRecall seed 42,raw_summary,17.503432202477267,-17.88949406080459
CountRecall seed 42,raw_summary,8.3762839145963,-1.1074541514660954
CountRecall seed 42,raw_summary,5.3110422862805065,-9.47322343143311
CountRecall seed 42,raw_summary,14.882065009582913,-18.570388992063755
CountRecall seed 42,raw_summary,20.663531127176235,-2.219460921871249
CountRecall seed 42,raw_summary,21.483703571664645,12.248746742369661
CountRecall seed 42,raw_summary,-2.515962624566617,25.733871641717943
CountRecall seed 42,raw_summary,9.71501039983393,-4.460149285603997
CountRecall seed 42,raw_summary,18.063575980019287,-2.289581946943359
CountRecall seed 42,raw_summary,12.417831360364325,17.081703821821996
CountRecall seed 42,raw_summary,-4.474343898076409,-14.498228569897513
CountRecall seed 42,raw_summary,8.095188489525244,-28.173593262306433
CountRecall seed 42,raw_summary,-4.233024632107437,39.52622120716029
CountRecall seed 42,raw_summary,23.736132729052635,2.399301967548931
CountRecall seed 42,raw_summary,5.675820131542416,31.098163020410098
CountRecall seed 42,raw_summary,-1.7485527862519752,3.097841584051256
CountRecall seed 42,raw_summary,15.490306086326477,-7.644073617590848
CountRecall seed 42,raw_summary,-11.831409265725274,2.5365492821873725
CountRecall seed 42,raw_summary,19.75579332237247,4.3128318729232396
CountRecall seed 42,raw_summary,7.888047656163647,-35.06503179720193
CountRecall seed 42,raw_summary,3.8470393788616115,-29.522954469142068
CountRecall seed 42,raw_summary,15.37139857144725,12.359738359589416
CountRecall seed 42,raw_summary,15.825975802792179,-26.38276358074276
CountRecall seed 42,raw_summary,22.867817139450537,-15.626888027132798
CountRecall seed 42,raw_summary,15.642565315138174,-21.221989384545715
CountRecall seed 42,raw_summary,1.670998937632866,-50.75772264330691
CountRecall seed 42,raw_summary,17.681609449473164,8.810883769886658
CountRecall seed 42,raw_summary,19.74856979053233,-1.494092972953809
CountRecall seed 42,raw_summary,9.45906723682642,30.00410558952274
CountRecall seed 42,raw_summary,21.49136998971877,-22.437825660943858
CountRecall seed 42,raw_summary,-21.2373217056226,46.32546470867397
CountRecall seed 42,raw_summary,1.9934325738665164,31.031643838369163
CountRecall seed 42,raw_summary,9.691643417196305,-33.426406963336134
CountRecall seed 42,raw_summary,16.63320725723749,-11.070585308186917
CountRecall seed 42,raw_summary,5.707896404811381,30.936837657613424
CountRecall seed 42,raw_summary,10.857139044551072,-17.102984539281824
CountRecall seed 42,raw_summary,-2.6333510222931693,45.036480523490184
CountRecall seed 42,raw_summary,15.364248380899406,15.944424609273801
CountRecall seed 42,raw_summary,2.588656368186699,29.3693582116336
CountRecall seed 42,raw_summary,21.211925131069147,9.195481631336007
CountRecall seed 42,raw_summary,-3.0060360902227368,-5.732362259689931
CountRecall seed 42,raw_summary,18.386882034597164,-35.83109343199858
CountRecall seed 42,raw_summary,9.099064455485042,-2.62448909675304
CountRecall seed 42,raw_summary,9.745233144900585,-31.148173003887983
CountRecall seed 42,raw_summary,13.034209472497256,-27.264503064651297
CountRecall seed 42,raw_summary,-18.703789887286312,8.44656988703375
CountRecall seed 42,raw_summary,15.573077792248203,-15.26574068216345
CountRecall seed 42,raw_summary,8.860838780572557,-15.04218780491811
CountRecall seed 42,raw_summary,18.827189814733533,10.110010347847744
CountRecall seed 42,raw_summary,13.688867569854757,6.774057139388406
CountRecall seed 42,raw_summary,17.320982076637627,4.519282897313431
CountRecall seed 42,raw_summary,14.386752924680465,7.698866531441913
CountRecall seed 42,raw_summary,20.839194307392425,-22.815537884909368
CountRecall seed 42,raw_summary,11.062454264136871,-0.9970377135023469
CountRecall seed 42,raw_summary,9.734647325636969,-26.003767035436766
CountRecall seed 42,raw_summary,21.909029698029507,12.297082271245834
CountRecall seed 42,raw_summary,-18.46583928473407,21.57756005713876
CountRecall seed 42,raw_summary,15.265692078692854,-15.725838293665621
CountRecall seed 42,raw_summary,3.4178443525727102,16.900220276184143
CountRecall seed 42,raw_summary,-20.33978815565404,49.72654372927416
CountRecall seed 100,raw_summary,18.54751848610531,17.19596515743934
CountRecall seed 100,raw_summary,4.598480067263943,23.841069894372694
CountRecall seed 100,raw_summary,17.011199121702262,-5.235817912071269
CountRecall seed 100,raw_summary,18.77943854292866,11.140820366659451
CountRecall seed 100,raw_summary,9.708058911174692,-20.45840248364597
CountRecall seed 100,raw_summary,14.723447338825308,-14.371436293717059
CountRecall seed 100,raw_summary,4.472459502174823,24.561835534146883
CountRecall seed 100,raw_summary,17.42108905504432,12.7629915293664
CountRecall seed 100,raw_summary,20.226337476721255,-8.871068295877773
CountRecall seed 100,raw_summary,17.094323605489034,-17.51305068153514
CountRecall seed 100,raw_summary,8.254214477203915,2.803681360353287
CountRecall seed 100,raw_summary,19.570119482599058,-2.725517028947876
CountRecall seed 100,raw_summary,-3.3505129050214753,-7.026270068037904
CountRecall seed 100,raw_summary,18.90169822137211,-20.310089685180692
CountRecall seed 100,raw_summary,20.45033534204611,-11.226477381822606
CountRecall seed 100,raw_summary,0.7093019841401608,20.00056216375969
CountRecall seed 100,raw_summary,4.9857311140825455,24.040777665672323
CountRecall seed 100,raw_summary,16.88171444091791,-17.30367897387373
CountRecall seed 100,raw_summary,2.8322856355469193,-3.0962732712734287
CountRecall seed 100,raw_summary,9.95340510069883,10.865666863917246
CountRecall seed 100,raw_summary,20.666732662639507,-10.026912319071155
CountRecall seed 100,raw_summary,5.928969180731795,26.279793830611297
CountRecall seed 100,raw_summary,-2.8726592830592983,20.064683120827056
CountRecall seed 100,raw_summary,15.829638607592875,-8.48314714401566
CountRecall seed 100,raw_summary,4.622159023127683,-33.92921104485207
CountRecall seed 100,raw_summary,16.795051525162947,-1.8390502058714226
CountRecall seed 100,raw_summary,15.467495654749714,-8.266183138681514
CountRecall seed 100,raw_summary,16.665364936271835,-17.792560387512896
CountRecall seed 100,raw_summary,9.016297108950479,9.621339392844254
CountRecall seed 100,raw_summary,12.55319309724961,25.30416714249111
CountRecall seed 100,raw_summary,20.39648305000511,-5.233104150184595
CountRecall seed 100,raw_summary,11.120254225839233,-8.921331227622039
CountRecall seed 100,raw_summary,14.603448217299734,-7.626987082324028
CountRecall seed 100,raw_summary,11.636525096980064,11.666170014086505
CountRecall seed 100,raw_summary,1.3389076151478934,17.26395884710414
CountRecall seed 100,raw_summary,21.847443541820486,-10.84794111431876
CountRecall seed 100,raw_summary,18.1479513028397,-5.141952136800125
CountRecall seed 100,raw_summary,14.48483305360875,-11.528076894546427
CountRecall seed 100,raw_summary,3.235925648668567,34.56961645580669
CountRecall seed 100,raw_summary,0.45426429506434474,33.70445202631316
CountRecall seed 100,raw_summary,11.155743708784026,-25.930516755391285
CountRecall seed 100,raw_summary,11.736054380461454,-26.82872939861164
CountRecall seed 100,raw_summary,10.800059014206832,19.681478578918863
CountRecall seed 100,raw_summary,14.561585390090885,8.528647001291564
CountRecall seed 100,raw_summary,10.779178479591454,19.384958405292373
CountRecall seed 100,raw_summary,9.55910127403938,32.55508590768645
CountRecall seed 100,raw_summary,19.960553161540574,-11.375172273575838
CountRecall seed 100,raw_summary,-2.716850862882619,-45.3213277175302
CountRecall seed 100,raw_summary,15.94535616614435,-11.979163663947014
CountRecall seed 100,raw_summary,18.061733575091505,4.322998163920307
CountRecall seed 100,raw_summary,17.37324437951246,-16.17622442024702
CountRecall seed 100,raw_summary,16.89197296510508,1.8285856403741882
CountRecall seed 100,raw_summary,-8.986443543332609,41.47275069874348
CountRecall seed 100,raw_summary,2.485060228066941,-10.603752544259752
CountRecall seed 100,raw_summary,18.681253316748823,-5.420777320242075
CountRecall seed 100,raw_summary,7.883401764573907,4.411958924113199
CountRecall seed 100,raw_summary,17.255193241925788,3.9285090167947194
CountRecall seed 100,raw_summary,17.686935787141607,4.159247621469301
CountRecall seed 100,raw_summary,14.855357463118846,6.231058341001281
CountRecall seed 100,raw_summary,17.49515920588275,13.832319369182443
CountRecall seed 100,raw_summary,-21.368255555117585,-5.61682830434294
CountRecall seed 100,raw_summary,15.063658666951243,-9.079320825017614
CountRecall seed 100,raw_summary,-7.802528474181111,-0.874715549457658
CountRecall seed 100,raw_summary,9.674393668755634,21.579381834859387
CountRecall seed 100,raw_summary,9.75592892667198,-34.958270420591845
CountRecall seed 100,raw_summary,3.578542062983366,-24.367235771701996
CountRecall seed 100,raw_summary,11.90198769693201,-30.204944214002897
CountRecall seed 100,raw_summary,6.92303802175526,-21.192297216203123
CountRecall seed 100,raw_summary,13.578120484587219,-30.740626238214723
CountRecall seed 100,raw_summary,15.639166235552473,-14.687405145122609
CountRecall seed 100,raw_summary,4.82924803163321,-31.135521903360853
CountRecall seed 100,raw_summary,10.329505531702534,9.632681867157697
CountRecall seed 100,raw_summary,15.789253354356706,-12.31118199762614
CountRecall seed 100,raw_summary,15.557240160608844,14.313972164362646
CountRecall seed 100,raw_summary,1.5986945586759918,25.126105989344367
CountRecall seed 100,raw_summary,12.62259284063644,-2.382154896894701
CountRecall seed 100,raw_summary,-4.843768169585274,-24.33292545531281
CountRecall seed 100,raw_summary,-0.1803569389810975,-40.76984378404583
CountRecall seed 100,raw_summary,8.319036629500335,-7.895482499423868
CountRecall seed 100,raw_summary,10.87917992387547,-4.03090593932756
CountRecall seed 100,raw_summary,-0.5230644615715199,20.751999908933048
CountRecall seed 100,raw_summary,1.3226527872222473,3.2272398174088597
CountRecall seed 100,raw_summary,11.170073708413938,26.612662571374212
CountRecall seed 100,raw_summary,2.9875064586898903,17.12768107363316
CountRecall seed 100,raw_summary,1.2319046598876344,32.247946112148455
CountRecall seed 100,raw_summary,-0.7002974954934261,21.61664598101683
CountRecall seed 100,raw_summary,15.504694493415244,2.9661665829813604
CountRecall seed 100,raw_summary,20.09853404709938,8.212593510465839
CountRecall seed 100,raw_summary,16.629355182443717,-5.697324984570216
CountRecall seed 100,raw_summary,11.966587871827258,0.9850763397275739
CountRecall seed 100,raw_summary,1.9630162532901791,-33.493123545804735
CountRecall seed 100,raw_summary,18.48568459114313,-6.862918750223076
CountRecall seed 100,raw_summary,4.557868761585094,-28.803663634710734
CountRecall seed 100,raw_summary,18.873792632336116,3.140039492870811
CountRecall seed 100,raw_summary,-9.871803148194692,-5.843265547437772
CountRecall seed 100,raw_summary,0.5863303503478652,-15.310755409421022
CountRecall seed 100,raw_summary,17.85715413042238,-12.720003529760824
CountRecall seed 100,raw_summary,-6.377648993024348,-21.07076863927676
CountRecall seed 100,raw_summary,8.70074895515332,0.9803597998208435
CountRecall seed 100,raw_summary,0.16268880798326507,-0.9444727085242808
CountRecall seed 100,raw_summary,9.316469093964198,23.173911677636703
CountRecall seed 100,raw_summary,15.34396504492268,6.222032886848773
CountRecall seed 100,raw_summary,-21.13149828635415,37.12652757335749
CountRecall seed 100,raw_summary,-3.919628645449576,19.37842455682518
CountRecall seed 100,raw_summary,11.273464143319712,-25.761779673603122
CountRecall seed 100,raw_summary,13.822077318846052,1.7719207592096888
CountRecall seed 100,raw_summary,9.829604125493022,24.081168706356422
CountRecall seed 100,raw_summary,17.14920817479216,2.5131975810555787
CountRecall seed 100,raw_summary,4.306804467628514,-10.704513173412451
CountRecall seed 100,raw_summary,-2.059483665856816,10.784096958047442
CountRecall seed 100,raw_summary,18.5436314763813,-0.5177646642215941
CountRecall seed 100,raw_summary,-2.3369837665471698,15.939263744727882
CountRecall seed 100,raw_summary,14.343334875103526,-16.10487102743713
CountRecall seed 100,raw_summary,14.598849736429123,8.461668050075122
CountRecall seed 100,raw_summary,11.329282365927178,-26.663920083762946
CountRecall seed 100,raw_summary,17.406086700851972,-22.76541449205581
CountRecall seed 100,raw_summary,-4.0822863480839295,24.910426789187895
CountRecall seed 100,raw_summary,13.034461504604714,12.650954579814073
CountRecall seed 100,raw_summary,16.392621184221056,-16.833918556963752
CountRecall seed 100,raw_summary,2.8995115117270327,22.41932363960333
CountRecall seed 100,raw_summary,15.144311919247812,14.27575618250453
CountRecall seed 100,raw_summary,12.637938459742735,-5.954219804004989
CountRecall seed 100,raw_summary,12.053719869101997,24.59658678173425
CountRecall seed 100,raw_summary,2.7202545780708176,-40.77483631310482
CountRecall seed 100,raw_summary,8.421529354685216,31.152733792517925
CountRecall seed 100,raw_summary,18.14752668651458,-13.998517374184022
CountRecall seed 100,raw_summary,10.400921396302191,25.117137572324815
CountRecall seed 100,raw_summary,13.832295334261975,-14.910618569300171
CountRecall seed 100,raw_summary,3.5054991897613013,38.16787353967744
CountRecall seed 100,raw_summary,-9.373441393611618,30.772822065350777
CountRecall seed 100,raw_summary,21.95844649214462,-9.9255103384436
CountRecall seed 100,raw_summary,15.256942304081871,6.8150360025808885
CountRecall seed 100,raw_summary,3.0427920417992778,-2.0846408876224496
CountRecall seed 100,raw_summary,10.193026596553407,15.339438789932267
CountRecall seed 100,raw_summary,17.949030055283746,17.60671255008048
CountRecall seed 100,raw_summary,9.510994205952509,21.659554619415054
CountRecall seed 100,raw_summary,7.098433900800047,-23.671629826366704
CountRecall seed 100,raw_summary,-9.012997345609108,-10.168354327765698
CountRecall seed 100,raw_summary,15.780245926309906,6.305198845613981
CountRecall seed 100,raw_summary,12.393534879293863,2.0460553101865817
CountRecall seed 100,raw_summary,11.252321291752677,11.54885642797527
CountRecall seed 100,raw_summary,18.929713498376906,-1.1206528291283546
CountRecall seed 100,raw_summary,9.793236629819495,26.39881113875996
CountRecall seed 100,raw_summary,1.0306561754119388,18.89446223611798
CountRecall seed 100,raw_summary,2.0922360650432865,-32.192111476178056
CountRecall seed 100,raw_summary,19.747805435792458,7.788126383851856
CountRecall seed 100,raw_summary,13.661504055255351,11.310882717563445
CountRecall seed 100,raw_summary,10.090898045252615,-16.994051242306703
CountRecall seed 100,raw_summary,20.00490886016861,-5.799391287163578
CountRecall seed 100,raw_summary,21.888251559342123,0.09366910356308356
CountRecall seed 100,raw_summary,18.616420431367075,2.4940427243406225
CountRecall seed 100,raw_summary,9.408803331439742,-5.799436067094698
CountRecall seed 100,raw_summary,9.926628939484715,18.941408114548572
CountRecall seed 100,raw_summary,15.310328070724381,9.250114462958305
CountRecall seed 100,raw_summary,12.997523798729429,-25.949303891199005
CountRecall seed 100,raw_summary,20.125889256988145,-11.07056740975061
CountRecall seed 100,raw_summary,11.702475910174485,-21.44994807415057
CountRecall seed 100,raw_summary,7.9444128657426125,15.564665991706953
CountRecall seed 100,raw_summary,14.095891357787487,4.288624298720937
CountRecall seed 100,raw_summary,13.944279414428568,21.96233375134312
CountRecall seed 100,raw_summary,-1.2356810220909915,-12.18262103975633
CountRecall seed 100,raw_summary,9.461478342208695,-23.025660978788594
CountRecall seed 100,raw_summary,7.919353467473732,33.74483194177516
CountRecall seed 100,raw_summary,17.370572397772186,-5.919639271093866
CountRecall seed 100,raw_summary,13.14696765712819,21.073065238001504
CountRecall seed 100,raw_summary,19.843170457518436,-6.233133671592651
CountRecall seed 100,raw_summary,9.456131298795533,-12.539193517008036
CountRecall seed 100,raw_summary,21.561397211935883,-2.822572241229773
CountRecall seed 100,raw_summary,18.419908564249482,17.204224463693464
CountRecall seed 100,raw_summary,17.335903812639827,3.1213221018485413
CountRecall seed 100,raw_summary,-2.337729477024907,-22.987291544961153
CountRecall seed 100,raw_summary,11.565670663750458,-8.191756859868033
CountRecall seed 100,raw_summary,-2.5046031698583646,-23.365194460642385
CountRecall seed 100,raw_summary,9.63239110535817,-23.47858027088119
CountRecall seed 100,raw_summary,12.546088826829948,-8.860894180769964
CountRecall seed 100,raw_summary,13.078477910635073,-18.930908855528603
CountRecall seed 100,raw_summary,19.873993139050913,-12.763009486308466
CountRecall seed 100,raw_summary,1.423384453764023,36.77130158936066
CountRecall seed 100,raw_summary,8.570952980750247,5.743329478280823
CountRecall seed 100,raw_summary,4.672986555279655,-18.768162839913455
CountRecall seed 100,raw_summary,19.842449115727984,-9.672592819639952
CountRecall seed 100,raw_summary,-0.21815279726809456,12.440798995430143
CountRecall seed 100,raw_summary,8.561436413951295,-13.525662129609017
CountRecall seed 100,raw_summary,-0.2504967814897394,-17.41469131838193
CountRecall seed 100,raw_summary,18.978043953697984,11.254814234596383
CountRecall seed 100,raw_summary,14.851056831391318,6.955025505204455
CountRecall seed 100,raw_summary,16.236910372445443,-12.60799169621538
CountRecall seed 100,raw_summary,2.842949441615695,-38.12278133723237
CountRecall seed 100,raw_summary,8.802122150948982,-23.64434338533513
CountRecall seed 100,raw_summary,1.363995855965415,-45.3181316983287
CountRecall seed 100,raw_summary,5.069480234164191,-39.63835167006049
CountRecall seed 100,raw_summary,-20.295051316985212,25.083241602613732
CountRecall seed 100,raw_summary,0.3503076111532389,39.74447039439616
CountRecall seed 100,raw_summary,12.979627864761804,18.6503191095039
CountRecall seed 100,raw_summary,15.448530240361574,-14.27749952159871
CountRecall seed 100,raw_summary,19.9132284850265,2.988745452128488
CountRecall seed 100,raw_summary,16.901797854361206,-19.889521563102477
CountRecall seed 100,raw_summary,12.142075456141487,-7.823137249087817
CountRecall seed 100,raw_summary,6.140883750969439,-3.031362282462265
CountRecall seed 100,raw_summary,12.47725881025896,-23.676392400836534
CountRecall seed 100,raw_summary,17.14999394445571,-0.13284812326878628
CountRecall seed 100,raw_summary,20.941820470166128,7.406698260986947
CountRecall seed 100,raw_summary,1.897446712587498,25.081450525796765
CountRecall seed 100,raw_summary,9.99543500899547,0.6698420597986945
CountRecall seed 100,raw_summary,17.869891356185732,-7.267441429004217
CountRecall seed 100,raw_summary,15.998810869879508,7.201576630102252
CountRecall seed 100,raw_summary,-2.145508565141992,-8.021613578275968
CountRecall seed 100,raw_summary,4.325110224457304,-18.305270704005647
CountRecall seed 100,raw_summary,0.9252080918347634,31.97365769566813
CountRecall seed 100,raw_summary,22.109836308582523,-0.1406073526649968
CountRecall seed 100,raw_summary,5.765247827843995,26.567071734542687
CountRecall seed 100,raw_summary,1.4140353750777765,-3.426209203681046
CountRecall seed 100,raw_summary,14.297817879729454,-11.68574330497135
CountRecall seed 100,raw_summary,-2.567878612836383,6.202152738957675
CountRecall seed 100,raw_summary,19.923408973278995,2.443680710097116
CountRecall seed 100,raw_summary,6.8117607438425285,-32.32277983635856
CountRecall seed 100,raw_summary,0.39099284791732397,-22.04430457450264
CountRecall seed 100,raw_summary,14.609724779157924,1.2961534935268464
CountRecall seed 100,raw_summary,14.78055531975383,-27.125738199408204
CountRecall seed 100,raw_summary,18.555325068281782,-13.755123685703767
CountRecall seed 100,raw_summary,15.895577119791273,-19.739710266798845
CountRecall seed 100,raw_summary,0.6177713920837828,-43.32832393324646
CountRecall seed 100,raw_summary,18.2123258418016,1.3748621739434856
CountRecall seed 100,raw_summary,18.943740477694224,-5.437925676682355
CountRecall seed 100,raw_summary,11.94003841286612,25.909961886137054
CountRecall seed 100,raw_summary,16.604029207045976,-21.312343770992822
CountRecall seed 100,raw_summary,-9.61849850232386,35.10554176310117
CountRecall seed 100,raw_summary,6.478293914351218,22.277666771801027
CountRecall seed 100,raw_summary,5.415205412531382,-24.44032034403039
CountRecall seed 100,raw_summary,15.884045971196254,-17.064559339324816
CountRecall seed 100,raw_summary,10.979877642684333,28.113098104875764
CountRecall seed 100,raw_summary,12.73640910131634,-16.673034600552345
CountRecall seed 100,raw_summary,3.4020257618001346,34.32671190289436
CountRecall seed 100,raw_summary,16.017487925693963,13.33990395038584
CountRecall seed 100,raw_summary,6.415610533204283,25.63034583408001
CountRecall seed 100,raw_summary,19.50381647182774,1.1979825226454057
CountRecall seed 100,raw_summary,-0.054097482711849866,-1.3250775776733978
CountRecall seed 100,raw_summary,12.797614585412829,-31.204444341114502
CountRecall seed 100,raw_summary,7.853351953126836,3.341721523029369
CountRecall seed 100,raw_summary,7.205307238174836,-24.50349963780002
CountRecall seed 100,raw_summary,11.41616603444884,-28.956198413938807
CountRecall seed 100,raw_summary,-11.1626670146627,16.10800498738632
CountRecall seed 100,raw_summary,13.806311054572424,-14.773114354665958
CountRecall seed 100,raw_summary,7.270781605070361,-6.023937984684395
CountRecall seed 100,raw_summary,19.73643058356759,8.772776535961363
CountRecall seed 100,raw_summary,13.820397658135242,0.3259914063814511
CountRecall seed 100,raw_summary,14.441932908608056,5.900085046720074
CountRecall seed 100,raw_summary,13.511257293620863,8.536042437055848
CountRecall seed 100,raw_summary,16.449221969735973,-24.81282205983696
CountRecall seed 100,raw_summary,12.083742532353911,-8.419981320117989
CountRecall seed 100,raw_summary,10.340897906029298,-27.230666600001683
CountRecall seed 100,raw_summary,21.12894219560876,7.41031766795779
CountRecall seed 100,raw_summary,-10.997874171325428,24.709446104173338
CountRecall seed 100,raw_summary,13.999775985633875,-15.923547899749808
CountRecall seed 100,raw_summary,7.767255013534452,5.569453994086672
CountRecall seed 100,raw_summary,-6.645023369494396,41.66376715855368
CountRecall seed 2026,raw_summary,19.58974276317663,-12.326571597643195
CountRecall seed 2026,raw_summary,7.032005361327151,-17.20679618956106
CountRecall seed 2026,raw_summary,15.428686568829345,6.499054526377508
CountRecall seed 2026,raw_summary,19.733725221490484,-11.360136826753262
CountRecall seed 2026,raw_summary,2.8707950461925633,24.302693687185617
CountRecall seed 2026,raw_summary,12.086691560137574,11.808947559609463
CountRecall seed 2026,raw_summary,8.226682844062982,-17.682499081220286
CountRecall seed 2026,raw_summary,19.108966954027537,-12.935804606297417
CountRecall seed 2026,raw_summary,14.92026941602328,11.161068729934035
CountRecall seed 2026,raw_summary,9.405955000165394,21.652141380984226
CountRecall seed 2026,raw_summary,6.660653289916866,6.62335226139126
CountRecall seed 2026,raw_summary,18.214368479420077,1.819752306380402
CountRecall seed 2026,raw_summary,-3.35780572056387,15.876997605588437
CountRecall seed 2026,raw_summary,13.014907742696423,19.80828950875381
CountRecall seed 2026,raw_summary,15.887268964903608,14.243197335851836
CountRecall seed 2026,raw_summary,6.77906420096775,-17.200312796927662
CountRecall seed 2026,raw_summary,7.893562796981949,-17.369702595621177
CountRecall seed 2026,raw_summary,10.849138563662825,20.99287795379125
CountRecall seed 2026,raw_summary,4.413494108248274,5.776499572238254
CountRecall seed 2026,raw_summary,12.963113975442525,-17.966549401448226
CountRecall seed 2026,raw_summary,17.65294983777786,6.1284655199636235
CountRecall seed 2026,raw_summary,10.215229109996207,-27.0939402336734
CountRecall seed 2026,raw_summary,-0.6918554631879168,-9.65536978835125
CountRecall seed 2026,raw_summary,9.335991788592759,15.879641571799871
CountRecall seed 2026,raw_summary,0.8934003113566744,21.68238119433127
CountRecall seed 2026,raw_summary,13.800792217940401,6.970002460334675
CountRecall seed 2026,raw_summary,9.39271293164894,15.676257247644688
CountRecall seed 2026,raw_summary,9.28379990763799,21.204847045806247
CountRecall seed 2026,raw_summary,8.410464617719787,-5.109196861510332
CountRecall seed 2026,raw_summary,15.698599807409208,-17.540055666033645
CountRecall seed 2026,raw_summary,17.507858159852592,3.2509844452592467
CountRecall seed 2026,raw_summary,9.2167538861046,8.015970829307719
CountRecall seed 2026,raw_summary,11.351786973584952,10.979211954011635
CountRecall seed 2026,raw_summary,11.579926457862253,-1.960320202055304
CountRecall seed 2026,raw_summary,4.9554043269485675,-19.663124876979662
CountRecall seed 2026,raw_summary,17.373611526969004,10.724176002429425
CountRecall seed 2026,raw_summary,14.306299891045239,10.075341195819831
CountRecall seed 2026,raw_summary,10.656889403395265,16.830168527677117
CountRecall seed 2026,raw_summary,10.457079906634203,-29.911805657528248
CountRecall seed 2026,raw_summary,7.270603969190891,-26.435325994793246
CountRecall seed 2026,raw_summary,5.506771998153399,17.753590132268382
CountRecall seed 2026,raw_summary,4.82203045012191,28.673932589622492
CountRecall seed 2026,raw_summary,14.543693186278432,-13.743345850040285
CountRecall seed 2026,raw_summary,13.406050659107489,1.0303283494425184
CountRecall seed 2026,raw_summary,14.15929981150071,-13.415483447820602
CountRecall seed 2026,raw_summary,15.881107634530304,-29.41203324990294
CountRecall seed 2026,raw_summary,14.383640395617252,14.662536919652272
CountRecall seed 2026,raw_summary,-7.639445393353184,36.01704007187272
CountRecall seed 2026,raw_summary,10.82247710993121,17.761629781530363
CountRecall seed 2026,raw_summary,16.44558209331293,-0.3262352752699289
CountRecall seed 2026,raw_summary,12.764211167782257,16.238747103373246
CountRecall seed 2026,raw_summary,17.337285992298185,-5.534434847113307
CountRecall seed 2026,raw_summary,-0.08959484685359365,-42.03645507780107
CountRecall seed 2026,raw_summary,2.9136895813828265,10.969075062316596
CountRecall seed 2026,raw_summary,16.264982815258517,2.8041167773855658
CountRecall seed 2026,raw_summary,5.600637580198049,5.844375506085198
CountRecall seed 2026,raw_summary,16.30329949642325,1.393822754212986
CountRecall seed 2026,raw_summary,17.90280269647917,-6.925087844919574
CountRecall seed 2026,raw_summary,13.160562315802341,-4.99248695042229
CountRecall seed 2026,raw_summary,19.42383958324466,-10.011048430863022
CountRecall seed 2026,raw_summary,-16.66318445500237,13.702321409738683
CountRecall seed 2026,raw_summary,9.644816924329872,11.656345480511716
CountRecall seed 2026,raw_summary,-7.855501084982851,10.924992140777583
CountRecall seed 2026,raw_summary,12.32294506232978,-22.013203553050797
CountRecall seed 2026,raw_summary,1.55238369254687,29.390469505847157
CountRecall seed 2026,raw_summary,-0.42062280540201286,25.100567732014017
CountRecall seed 2026,raw_summary,5.5078350603179125,27.1115846754854
CountRecall seed 2026,raw_summary,3.1417739614497697,24.333142123722077
CountRecall seed 2026,raw_summary,5.891760409644683,27.80298555486214
CountRecall seed 2026,raw_summary,9.622752173086369,18.338421046491078
CountRecall seed 2026,raw_summary,-1.3564303956221617,29.206484106215957
CountRecall seed 2026,raw_summary,12.325367459809282,-4.123298983865418
CountRecall seed 2026,raw_summary,11.604450389025093,13.581349489390924
CountRecall seed 2026,raw_summary,16.153230645527444,-10.545155735574824
CountRecall seed 2026,raw_summary,6.566740823295619,-15.133798280325376
CountRecall seed 2026,raw_summary,9.149764658213545,10.822317924278735
CountRecall seed 2026,raw_summary,-4.20064662954163,11.569943646639224
CountRecall seed 2026,raw_summary,-7.258301860177526,36.40956625468604
CountRecall seed 2026,raw_summary,7.034424734718081,13.613820214233536
CountRecall seed 2026,raw_summary,13.220179542008681,-4.295569668202017
CountRecall seed 2026,raw_summary,2.1789816141175167,-9.873841842955644
CountRecall seed 2026,raw_summary,2.746959721630802,2.1406579117758064
CountRecall seed 2026,raw_summary,15.947118710685995,-25.622460252080323
CountRecall seed 2026,raw_summary,4.008158273711693,-10.081255048849702
CountRecall seed 2026,raw_summary,7.435536680385137,-23.53089361339194
CountRecall seed 2026,raw_summary,2.3925958251849275,-10.574904057935385
CountRecall seed 2026,raw_summary,13.516097108103839,4.330575486455586
CountRecall seed 2026,raw_summary,19.61953026426641,-4.773748364005996
CountRecall seed 2026,raw_summary,14.734023867751532,6.465149257037923
CountRecall seed 2026,raw_summary,9.07902591804071,8.893731398199261
CountRecall seed 2026,raw_summary,-5.199282558413476,32.51953019467534
CountRecall seed 2026,raw_summary,14.419660213332854,10.800185798688496
CountRecall seed 2026,raw_summary,-2.4560541048462152,31.351239111181787
CountRecall seed 2026,raw_summary,18.32360172681036,-2.8035857336438355
CountRecall seed 2026,raw_summary,-10.050972149984355,16.58862116860653
CountRecall seed 2026,raw_summary,-2.3937536372125514,22.559199769423103
CountRecall seed 2026,raw_summary,12.452910273287692,15.466598426149314
CountRecall seed 2026,raw_summary,-4.33538396115576,8.820790048587746
CountRecall seed 2026,raw_summary,8.05873344131149,-5.244494631691726
CountRecall seed 2026,raw_summary,-0.7312324496699215,10.2005950462067
CountRecall seed 2026,raw_summary,11.139696571195842,-13.249319028760844
CountRecall seed 2026,raw_summary,12.717684399619536,-1.5571418462388222
CountRecall seed 2026,raw_summary,-8.695703906393318,-28.66468747668377
CountRecall seed 2026,raw_summary,-0.4382224693962684,-17.74376094180075
CountRecall seed 2026,raw_summary,7.519396113120284,14.960581938778315
CountRecall seed 2026,raw_summary,14.776358124140755,-7.579863184102616
CountRecall seed 2026,raw_summary,14.358094178364908,-20.82435364771416
CountRecall seed 2026,raw_summary,14.24046091265906,5.176176777257179
CountRecall seed 2026,raw_summary,1.076722419121658,6.63851542034208
CountRecall seed 2026,raw_summary,2.6792683590482014,-5.705673596968998
CountRecall seed 2026,raw_summary,15.312665870208253,8.071972277496648
CountRecall seed 2026,raw_summary,-0.3310795250009884,-3.2671826859646496
CountRecall seed 2026,raw_summary,11.436447545993179,7.8190797111199455
CountRecall seed 2026,raw_summary,12.345744679095272,1.7568883221223608
CountRecall seed 2026,raw_summary,4.6218581038282744,29.002789850730817
CountRecall seed 2026,raw_summary,10.771811298859712,21.006653637411397
CountRecall seed 2026,raw_summary,0.3622504072458892,-12.892628773625486
CountRecall seed 2026,raw_summary,14.441993386037348,-5.470940965066779
CountRecall seed 2026,raw_summary,9.57721997286317,16.53620634879609
CountRecall seed 2026,raw_summary,6.1374541566072445,-13.772379178259225
CountRecall seed 2026,raw_summary,18.101924394513137,-16.946726531867736
CountRecall seed 2026,raw_summary,11.810917048481372,9.479116210967499
CountRecall seed 2026,raw_summary,14.975260405781318,-17.22046215756115
CountRecall seed 2026,raw_summary,-2.9157028864819914,31.625949752417906
CountRecall seed 2026,raw_summary,15.295376896990664,-31.59803243061515
CountRecall seed 2026,raw_summary,13.844759540157575,15.13885576471351
CountRecall seed 2026,raw_summary,14.395427898328773,-26.907774545566078
CountRecall seed 2026,raw_summary,10.466414164627642,15.593216044809825
CountRecall seed 2026,raw_summary,11.534556609026211,-35.44166434355522
CountRecall seed 2026,raw_summary,-0.8503450143312865,-28.028188949375018
CountRecall seed 2026,raw_summary,17.977505498651077,10.1720610820627
CountRecall seed 2026,raw_summary,12.813636821624755,0.8345069244738359
CountRecall seed 2026,raw_summary,3.7223860929955563,8.3517986971298
CountRecall seed 2026,raw_summary,11.422499828098896,-8.8080080710452
CountRecall seed 2026,raw_summary,19.059725652570865,-11.925026130758296
CountRecall seed 2026,raw_summary,13.967625134304484,-23.778043506869952
CountRecall seed 2026,raw_summary,5.35290622006081,14.261961049137323
CountRecall seed 2026,raw_summary,-7.446540050460075,16.99978311195308
CountRecall seed 2026,raw_summary,16.91823691798297,-11.447264388518173
CountRecall seed 2026,raw_summary,13.224879468141165,-5.299742365153464
CountRecall seed 2026,raw_summary,10.338010336035811,-1.826559539770947
CountRecall seed 2026,raw_summary,14.800537185133857,8.61169395596873
CountRecall seed 2026,raw_summary,14.235939653373066,-24.97630451011369
CountRecall seed 2026,raw_summary,4.691941945228477,-20.003217206877814
CountRecall seed 2026,raw_summary,-4.353081232457605,32.06829361686558
CountRecall seed 2026,raw_summary,19.49342495513696,-8.686521638581661
CountRecall seed 2026,raw_summary,12.687605436740254,-3.4977429321700124
CountRecall seed 2026,raw_summary,4.768317040787426,19.327987960825368
CountRecall seed 2026,raw_summary,17.26004797580497,2.878475684972911
CountRecall seed 2026,raw_summary,19.38529278563264,3.837750107482821
CountRecall seed 2026,raw_summary,15.3887795336659,1.2337796558048475
CountRecall seed 2026,raw_summary,5.2349872977042144,7.863836760689487
CountRecall seed 2026,raw_summary,12.65339402675443,-22.609355117881986
CountRecall seed 2026,raw_summary,17.76423973031144,-13.044990691519248
CountRecall seed 2026,raw_summary,6.228332268436619,21.716531838648603
CountRecall seed 2026,raw_summary,15.290271656598645,14.557400289615794
CountRecall seed 2026,raw_summary,7.099802497318325,22.158951900321245
CountRecall seed 2026,raw_summary,12.062425116269152,-17.26143478892807
CountRecall seed 2026,raw_summary,16.58489973810041,-10.317990842367507
CountRecall seed 2026,raw_summary,17.011201792404997,-18.479984199576407
CountRecall seed 2026,raw_summary,-0.34775644541245937,5.170169889080341
CountRecall seed 2026,raw_summary,3.9173928318948685,19.043453857151313
CountRecall seed 2026,raw_summary,12.943440579478724,-27.067560689195453
CountRecall seed 2026,raw_summary,16.108553667371147,2.8244137272650076
CountRecall seed 2026,raw_summary,15.10742911952031,-14.821681611972082
CountRecall seed 2026,raw_summary,16.27471928754686,3.7611682041433783
CountRecall seed 2026,raw_summary,4.397456506057466,20.29235512376598
CountRecall seed 2026,raw_summary,19.072469717242466,1.8904159962598865
CountRecall seed 2026,raw_summary,19.392094710052916,-11.593804495841791
CountRecall seed 2026,raw_summary,16.276252249375595,1.042602296643476
CountRecall seed 2026,raw_summary,-6.714529497303956,28.78974902060555
CountRecall seed 2026,raw_summary,11.405233583179111,4.297569285962204
CountRecall seed 2026,raw_summary,-4.9143791741103255,26.44171983641229
CountRecall seed 2026,raw_summary,7.413973590335253,13.683060818649196
CountRecall seed 2026,raw_summary,9.681172942026155,3.8953087439957867
CountRecall seed 2026,raw_summary,6.802625961760569,21.235166673492333
CountRecall seed 2026,raw_summary,15.741203377276335,11.911844441065323
CountRecall seed 2026,raw_summary,9.077971792205245,-37.14705668072016
CountRecall seed 2026,raw_summary,12.966345804109231,-13.636307634739405
CountRecall seed 2026,raw_summary,-0.6328058474094481,25.650940777315537
CountRecall seed 2026,raw_summary,16.692083923226466,9.770921077023264
CountRecall seed 2026,raw_summary,5.312312604825781,-16.783344036372426
CountRecall seed 2026,raw_summary,6.81085749319277,7.681100761961931
CountRecall seed 2026,raw_summary,1.8103096610636213,4.758680008764251
CountRecall seed 2026,raw_summary,19.873118348419,-11.053960248356393
CountRecall seed 2026,raw_summary,14.01655243382047,-2.781322982737693
CountRecall seed 2026,raw_summary,13.314725152607952,6.445986209434862
CountRecall seed 2026,raw_summary,-2.4855328260655813,27.0460072600617
CountRecall seed 2026,raw_summary,2.844578602358566,22.548527483530158
CountRecall seed 2026,raw_summary,-5.739227224296933,36.14834953313163
CountRecall seed 2026,raw_summary,-1.5880127263193193,30.978399737407813
CountRecall seed 2026,raw_summary,-9.081092666504059,-20.572312085982013
CountRecall seed 2026,raw_summary,8.525448022297699,-36.83141075202268
CountRecall seed 2026,raw_summary,14.094280238351768,-9.929889668294846
CountRecall seed 2026,raw_summary,8.520891029544405,18.946823587445085
CountRecall seed 2026,raw_summary,16.924395218217548,1.5472195559256647
CountRecall seed 2026,raw_summary,12.325062391291782,18.715713760495838
CountRecall seed 2026,raw_summary,10.638255691866037,4.0848785957907285
CountRecall seed 2026,raw_summary,3.496227028307677,14.166311608997539
CountRecall seed 2026,raw_summary,8.385613438009273,16.890826483771086
CountRecall seed 2026,raw_summary,14.985851435466127,7.171726054771515
CountRecall seed 2026,raw_summary,20.00254140254156,-4.450257472606468
CountRecall seed 2026,raw_summary,6.741181026103865,-14.482494546306645
CountRecall seed 2026,raw_summary,8.058771469703746,7.817678204998082
CountRecall seed 2026,raw_summary,15.36800187435904,3.9579210034632384
CountRecall seed 2026,raw_summary,17.252519109785194,-11.8098939559271
CountRecall seed 2026,raw_summary,-3.4122840932428518,17.581526171419533
CountRecall seed 2026,raw_summary,-0.9158097061188701,25.434044642260176
CountRecall seed 2026,raw_summary,8.869025328957955,-32.57516091775724
CountRecall seed 2026,raw_summary,19.03454087419184,4.0972593716434345
CountRecall seed 2026,raw_summary,11.053663629733359,-19.238797612670265
CountRecall seed 2026,raw_summary,4.24446320614597,1.0815039694387791
CountRecall seed 2026,raw_summary,11.131592646142073,6.1525662365921026
CountRecall seed 2026,raw_summary,-1.4204825093942701,-6.262683144038856
CountRecall seed 2026,raw_summary,16.26925696129464,2.0190306800814657
CountRecall seed 2026,raw_summary,2.1809332873662512,24.305733477632874
CountRecall seed 2026,raw_summary,-2.6092599944396886,26.879029045082547
CountRecall seed 2026,raw_summary,15.575459103615133,-8.593526443912875
CountRecall seed 2026,raw_summary,8.91706591726201,23.37871840560434
CountRecall seed 2026,raw_summary,12.381576310595728,15.563969585892792
CountRecall seed 2026,raw_summary,9.887980155046646,22.116214757159717
CountRecall seed 2026,raw_summary,-6.4853455714889385,37.973330674279126
CountRecall seed 2026,raw_summary,17.685604794504243,-5.489395377104808
CountRecall seed 2026,raw_summary,16.378738652448035,3.007855651414486
CountRecall seed 2026,raw_summary,15.1032849378945,-20.50862086332482
CountRecall seed 2026,raw_summary,9.651030547091032,23.476298097429105
CountRecall seed 2026,raw_summary,2.006082539758033,-40.91616382315487
CountRecall seed 2026,raw_summary,11.041235735739269,-24.924918976754828
CountRecall seed 2026,raw_summary,-0.8591059452655778,28.321396207881925
CountRecall seed 2026,raw_summary,12.928829598453977,10.544499471005784
CountRecall seed 2026,raw_summary,13.861832730953736,-23.062411357166106
CountRecall seed 2026,raw_summary,8.509712906331327,12.733313779250828
CountRecall seed 2026,raw_summary,10.718046611599695,-34.16008280084551
CountRecall seed 2026,raw_summary,15.814467433803845,-9.776497518935813
CountRecall seed 2026,raw_summary,11.200484458052008,-18.763055369845734
CountRecall seed 2026,raw_summary,18.695027527697867,-4.864802610815436
CountRecall seed 2026,raw_summary,0.09761457665918025,10.845478165068087
CountRecall seed 2026,raw_summary,5.343295431199574,28.310628308159938
CountRecall seed 2026,raw_summary,5.469909841537957,5.077646744189864
CountRecall seed 2026,raw_summary,2.1660487495436356,21.247822300308513
CountRecall seed 2026,raw_summary,6.106571418316587,23.696693848928913
CountRecall seed 2026,raw_summary,-6.414134778706579,-3.166250561829484
CountRecall seed 2026,raw_summary,9.122495646451739,18.911128095431515
CountRecall seed 2026,raw_summary,3.345699775156544,15.202086038273348
CountRecall seed 2026,raw_summary,17.62480252747155,-2.724650310795663
CountRecall seed 2026,raw_summary,13.434272030328035,-0.5618949595368959
CountRecall seed 2026,raw_summary,13.520989603710095,2.6957997257312485
CountRecall seed 2026,raw_summary,12.727554934847156,-0.1353676420099698
CountRecall seed 2026,raw_summary,10.704366790301648,17.523403530929237
CountRecall seed 2026,raw_summary,10.644600028759305,4.7015490979305525
CountRecall seed 2026,raw_summary,6.17463398217771,22.55044395484131
CountRecall seed 2026,raw_summary,20.80783847460934,-5.062245240215537
CountRecall seed 2026,raw_summary,-4.484385492828548,-19.25743197193911
CountRecall seed 2026,raw_summary,8.700894570088417,19.04157157768787
CountRecall seed 2026,raw_summary,11.623093388935821,-13.830349321158803
CountRecall seed 2026,raw_summary,2.209823778801603,-42.941751808906794
readout,count_0,0,0.9932367459587397
readout,count_1,1,0.9945607980221877
readout,count_2,2,0.9945803409375006
readout,count_3,3,0.9924143618639754
norms,raw_summary,32,43.059177079127515
norms,raw_summary,64,43.64721280007459
norms,raw_summary,96,44.332503573712245
norms,raw_summary,128,44.7469399253487
norms,raw_summary,160,44.78347296506797
norms,raw_summary,192,45.24368091866876
norms,raw_summary,224,44.87405332486915
norms,raw_summary,256,45.09250713444829
norms,raw_summary,288,45.01111731352312
norms,raw_summary,320,44.96032232284941
norms,raw_summary,352,44.84912011488573
norms,raw_summary,384,45.01976658817345
norms,raw_summary,416,44.79945034006471
norms,raw_summary,448,45.10317946139497
norms,raw_summary,480,45.018243245694045
norms,raw_summary,512,43.28381883689156
norms,raw_summary,544,43.311976798795314
norms,raw_summary,576,44.091895324769155
norms,raw_summary,608,43.74481237531831
norms,raw_summary,640,44.560267824939025
norms,raw_summary,672,44.24858512252981
norms,raw_summary,704,44.30083344297577
norms,raw_summary,736,44.89207888701338
norms,raw_summary,768,44.48556453567727
norms,raw_summary,800,44.49606209486584
norms,raw_summary,832,44.797909618852145
norms,raw_summary,864,44.65280778872556
norms,raw_summary,896,44.828356565605596
norms,raw_summary,928,44.535510262324344
norms,raw_summary,960,44.68837665883066
norms,raw_summary,992,44.79548570155303
norms,raw_summary,1024,43.51004439873055
norms,raw_summary,1056,43.25825857186245
norms,raw_summary,1088,43.62171048454502
norms,raw_summary,1120,44.15852367432867
norms,raw_summary,1152,44.395269696545675
norms,raw_summary,1184,44.0789142540022
norms,raw_summary,1216,44.806352204351974
norms,raw_summary,1248,44.45206334239223
norms,raw_summary,1280,44.5581589164485
norms,raw_summary,1312,44.908536475359405
norms,raw_summary,1344,44.639746949792745
norms,raw_summary,1376,45.04267156871711
norms,raw_summary,1408,44.82406533935406
norms,raw_summary,1440,44.615601827845175
norms,raw_summary,1472,44.63878611124048
norms,raw_summary,1504,44.06542022719108
norms,raw_summary,1536,43.5030587700729
norms,raw_summary,1568,43.63392309777737
norms,raw_summary,1600,44.37598277948379
norms,raw_summary,1632,44.41727990547873
norms,raw_summary,1664,44.522741366277465
norms,raw_summary,1696,44.81239154147681
norms,raw_summary,1728,44.42269552933043
norms,raw_summary,1760,44.826385045137044
norms,raw_summary,1792,44.49909440220704
norms,raw_summary,1824,44.27860967443593
norms,raw_summary,1856,45.02315423315631
norms,raw_summary,1888,44.774108676011565
norms,raw_summary,1920,44.59278731462815
norms,raw_summary,1952,44.559071708567615
norms,raw_summary,1984,44.62428427655218
norms,raw_summary,2016,43.14790097105191
norms,raw_summary,2048,43.25093574382666
norms,raw_summary,2080,43.9537153474864
norms,raw_summary,2112,44.241195759284324
norms,raw_summary,2144,44.18668067924543
norms,raw_summary,2176,44.50138846024058
norms,raw_summary,2208,44.098621847234064
norms,raw_summary,2240,44.35494935934224
norms,raw_summary,2272,44.33468678572434
norms,raw_summary,2304,44.12154663659766
norms,raw_summary,2336,44.12666909327984
norms,raw_summary,2368,44.320368150294534
norms,raw_summary,2400,44.235808905011815
norms,raw_summary,2432,44.30202014487971
norms,raw_summary,2464,43.68039665714761
norms,raw_summary,2496,44.338647418244115
norms,raw_summary,2528,42.78423681434946
norms,raw_summary,2560,43.70055948813745
norms,raw_summary,2592,43.88396964502618
norms,raw_summary,2624,44.13340333363907
norms,raw_summary,2656,44.53285606577618
norms,raw_summary,2688,44.32169600358136
norms,raw_summary,2720,44.36376543616267
norms,raw_summary,2752,44.71025196713848
norms,raw_summary,2784,44.46176742686324
norms,raw_summary,2816,44.69370906950977
norms,raw_summary,2848,44.40037681369091
norms,raw_summary,2880,44.321575039870304
norms,raw_summary,2912,44.55764770168333
norms,raw_summary,2944,44.4100211521185
norms,raw_summary,2976,44.02938084271338
norms,raw_summary,3008,43.70488187061533
norms,raw_summary,3040,43.117590721080965
norms,raw_summary,3072,43.75422808633277
norms,raw_summary,3104,43.764517226245175
norms,raw_summary,3136,44.62135272949877
norms,raw_summary,3168,43.995990049999044
norms,raw_summary,3200,44.32110317891665
norms,raw_summary,3232,44.50041842715296
norms,raw_summary,3264,44.438561009027076
norms,raw_summary,3296,44.478038200540425
norms,raw_summary,3328,44.57195764265666
norms,raw_summary,3360,44.3870746824517
norms,raw_summary,3392,44.62634701635937
norms,raw_summary,3424,44.49117205334907
norms,raw_summary,3456,44.62234696442457
norms,raw_summary,3488,44.150362156358135
norms,raw_summary,3520,43.47950835059885
norms,raw_summary,3552,43.58828004177672
norms,raw_summary,3584,43.742610707411195
norms,raw_summary,3616,44.3710281406421
norms,raw_summary,3648,44.043075844235496
norms,raw_summary,3680,44.47268045107929
norms,raw_summary,3712,44.82509144159771
norms,raw_summary,3744,44.07419413749949
norms,raw_summary,3776,44.73042565137283
norms,raw_summary,3808,44.24038910256573
norms,raw_summary,3840,44.2989604207233
norms,raw_summary,3872,44.33573709453872
norms,raw_summary,3904,44.65103042951194
norms,raw_summary,3936,44.66601077124051
norms,raw_summary,3968,44.23158821755848
norms,raw_summary_residual,32,2006.3842722183017
norms,raw_summary_residual,64,2002.1982585009173
norms,raw_summary_residual,96,1998.304334627587
norms,raw_summary_residual,128,1993.571669075882
norms,raw_summary_residual,160,1988.850445282724
norms,raw_summary_residual,192,1983.7916599221196
norms,raw_summary_residual,224,1978.0110615086571
norms,raw_summary_residual,256,1971.6421965621341
norms,raw_summary_residual,288,1964.2274824438107
norms,raw_summary_residual,320,1955.048984144456
norms,raw_summary_residual,352,1943.1068160665982
norms,raw_summary_residual,384,1927.466095290213
norms,raw_summary_residual,416,1906.0416978381847
norms,raw_summary_residual,448,1878.5195602575059
norms,raw_summary_residual,480,1846.0264367392172
norms,raw_summary_residual,512,1811.1471193082923
norms,raw_summary_residual,544,1775.2316227268868
norms,raw_summary_residual,576,1738.2854141144362
norms,raw_summary_residual,608,1701.3688144613745
norms,raw_summary_residual,640,1664.9228142997374
norms,raw_summary_residual,672,1628.7015229078077
norms,raw_summary_residual,704,1592.891234882981
norms,raw_summary_residual,736,1557.5334274999998
norms,raw_summary_residual,768,1522.4526080379017
norms,raw_summary_residual,800,1487.748204337601
norms,raw_summary_residual,832,1453.3435847810306
norms,raw_summary_residual,864,1419.5502155719385
norms,raw_summary_residual,896,1386.0259603672603
norms,raw_summary_residual,928,1353.2067002102929
norms,raw_summary_residual,960,1320.7090827196537
norms,raw_summary_residual,992,1288.8033515891784
norms,raw_summary_residual,1024,1257.020559006556
norms,raw_summary_residual,1056,1225.5274482826396
norms,raw_summary_residual,1088,1194.343465721525
norms,raw_summary_residual,1120,1163.8508807223322
norms,raw_summary_residual,1152,1133.9132096708784
norms,raw_summary_residual,1184,1104.6823554308312
norms,raw_summary_residual,1216,1075.9470059416465
norms,raw_summary_residual,1248,1048.150640666587
norms,raw_summary_residual,1280,1020.7896174413945
norms,raw_summary_residual,1312,994.3685485526097
norms,raw_summary_residual,1344,968.7765205579481
norms,raw_summary_residual,1376,944.2522031851967
norms,raw_summary_residual,1408,920.4715039573263
norms,raw_summary_residual,1440,898.0122002101602
norms,raw_summary_residual,1472,876.018632053464
norms,raw_summary_residual,1504,855.6305727308776
norms,raw_summary_residual,1536,836.1547008465885
norms,raw_summary_residual,1568,818.1023942193365
norms,raw_summary_residual,1600,801.3532777175077
norms,raw_summary_residual,1632,786.4744799250234
norms,raw_summary_residual,1664,772.9256797629463
norms,raw_summary_residual,1696,761.4525641583247
norms,raw_summary_residual,1728,751.6445539753772
norms,raw_summary_residual,1760,744.0701008349147
norms,raw_summary_residual,1792,738.2401101003856
norms,raw_summary_residual,1824,734.5533675153671
norms,raw_summary_residual,1856,733.0518786023694
norms,raw_summary_residual,1888,733.9327432327327
norms,raw_summary_residual,1920,736.778937470575
norms,raw_summary_residual,1952,742.1703506201447
norms,raw_summary_residual,1984,749.7841346562395
norms,raw_summary_residual,2016,759.2315109455759
norms,raw_summary_residual,2048,770.9266900154804
norms,raw_summary_residual,2080,784.5908951204136
norms,raw_summary_residual,2112,800.1689442825455
norms,raw_summary_residual,2144,817.8066272071304
norms,raw_summary_residual,2176,836.7746553684104
norms,raw_summary_residual,2208,857.2590079022021
norms,raw_summary_residual,2240,879.3504799755547
norms,raw_summary_residual,2272,902.7785084303604
norms,raw_summary_residual,2304,927.4877582615027
norms,raw_summary_residual,2336,953.1490697650155
norms,raw_summary_residual,2368,980.0177748135162
norms,raw_summary_residual,2400,1007.6306253764956
norms,raw_summary_residual,2432,1036.033570253937
norms,raw_summary_residual,2464,1065.2043033155053
norms,raw_summary_residual,2496,1095.1449378885354
norms,raw_summary_residual,2528,1125.340464656205
norms,raw_summary_residual,2560,1156.2233937928393
norms,raw_summary_residual,2592,1187.741390323015
norms,raw_summary_residual,2624,1219.7835614876262
norms,raw_summary_residual,2656,1252.337145141156
norms,raw_summary_residual,2688,1285.1088256869482
norms,raw_summary_residual,2720,1318.2333042260252
norms,raw_summary_residual,2752,1351.8000798044852
norms,raw_summary_residual,2784,1385.8283712028672
norms,raw_summary_residual,2816,1420.1269605537402
norms,raw_summary_residual,2848,1454.7308148113436
norms,raw_summary_residual,2880,1489.5371415375591
norms,raw_summary_residual,2912,1524.8168253264328
norms,raw_summary_residual,2944,1560.2311962012216
norms,raw_summary_residual,2976,1595.903153412265
norms,raw_summary_residual,3008,1631.4624273317625
norms,raw_summary_residual,3040,1667.0329000821687
norms,raw_summary_residual,3072,1702.9128779672653
norms,raw_summary_residual,3104,1739.2351172053075
norms,raw_summary_residual,3136,1775.597620993477
norms,raw_summary_residual,3168,1812.0262866818873
norms,raw_summary_residual,3200,1848.4684268941826
norms,raw_summary_residual,3232,1885.1140829883307
norms,raw_summary_residual,3264,1921.8786550251998
norms,raw_summary_residual,3296,1958.8881207531706
norms,raw_summary_residual,3328,1995.8720226077219
norms,raw_summary_residual,3360,2032.9907855003992
norms,raw_summary_residual,3392,2070.298159184054
norms,raw_summary_residual,3424,2107.6492024176564
norms,raw_summary_residual,3456,2145.045954101402
norms,raw_summary_residual,3488,2182.55277112741
norms,raw_summary_residual,3520,2219.8655005929754
norms,raw_summary_residual,3552,2257.370013795637
norms,raw_summary_residual,3584,2294.7902510540735
norms,raw_summary_residual,3616,2332.537045905025
norms,raw_summary_residual,3648,2370.283493887578
norms,raw_summary_residual,3680,2408.073586237548
norms,raw_summary_residual,3712,2445.985156558043
norms,raw_summary_residual,3744,2484.024718744504
norms,raw_summary_residual,3776,2522.0132653665755
norms,raw_summary_residual,3808,2559.9333620017187
norms,raw_summary_residual,3840,2598.0056388767985
norms,raw_summary_residual,3872,2636.3343064356686
norms,raw_summary_residual,3904,2674.5810562953166
norms,raw_summary_residual,3936,2712.9343420583427
norms,raw_summary_residual,3968,2751.297004307829
